order,schedule,seed,step,task,accuracy
antidevelopmental,competence,0,0,blimp_fast,49.93
antidevelopmental,competence,0,0,entity_tracking_fast,42.54
antidevelopmental,competence,0,0,ewok_fast,49.45
antidevelopmental,competence,0,0,supplement_fast,49.2
antidevelopmental,competence,0,250,blimp_fast,53.02
antidevelopmental,competence,0,250,entity_tracking_fast,42.71
antidevelopmental,competence,0,250,ewok_fast,49.73
antidevelopmental,competence,0,250,supplement_fast,45.2
antidevelopmental,competence,0,500,blimp_fast,50.34
antidevelopmental,competence,0,500,entity_tracking_fast,42.27
antidevelopmental,competence,0,500,ewok_fast,49.91
antidevelopmental,competence,0,500,supplement_fast,42.8
antidevelopmental,competence,0,750,blimp_fast,52.51
antidevelopmental,competence,0,750,entity_tracking_fast,36.14
antidevelopmental,competence,0,750,ewok_fast,50.73
antidevelopmental,competence,0,750,supplement_fast,49.6
antidevelopmental,competence,0,1000,blimp_fast,51.85
antidevelopmental,competence,0,1000,entity_tracking_fast,40.61
antidevelopmental,competence,0,1000,ewok_fast,50.82
antidevelopmental,competence,0,1000,supplement_fast,44.0
antidevelopmental,competence,0,1250,blimp_fast,52.76
antidevelopmental,competence,0,1250,entity_tracking_fast,35.57
antidevelopmental,competence,0,1250,ewok_fast,49.73
antidevelopmental,competence,0,1250,supplement_fast,43.2
antidevelopmental,competence,0,1500,blimp_fast,54.12
antidevelopmental,competence,0,1500,entity_tracking_fast,42.24
antidevelopmental,competence,0,1500,ewok_fast,50.64
antidevelopmental,competence,0,1500,supplement_fast,44.0
antidevelopmental,competence,0,1750,blimp_fast,52.33
antidevelopmental,competence,0,1750,entity_tracking_fast,34.42
antidevelopmental,competence,0,1750,ewok_fast,49.91
antidevelopmental,competence,0,1750,supplement_fast,46.0
antidevelopmental,competence,0,2000,blimp_fast,53.25
antidevelopmental,competence,0,2000,entity_tracking_fast,40.49
antidevelopmental,competence,0,2000,ewok_fast,53.0
antidevelopmental,competence,0,2000,supplement_fast,48.4
antidevelopmental,competence,0,2250,blimp_fast,52.53
antidevelopmental,competence,0,2250,entity_tracking_fast,39.36
antidevelopmental,competence,0,2250,ewok_fast,51.27
antidevelopmental,competence,0,2250,supplement_fast,48.4
antidevelopmental,competence,0,2500,blimp_fast,52.04
antidevelopmental,competence,0,2500,entity_tracking_fast,41.53
antidevelopmental,competence,0,2500,ewok_fast,48.45
antidevelopmental,competence,0,2500,supplement_fast,45.6
antidevelopmental,competence,0,2750,blimp_fast,53.32
antidevelopmental,competence,0,2750,entity_tracking_fast,36.49
antidevelopmental,competence,0,2750,ewok_fast,53.09
antidevelopmental,competence,0,2750,supplement_fast,39.6
antidevelopmental,competence,0,3000,blimp_fast,53.31
antidevelopmental,competence,0,3000,entity_tracking_fast,17.7
antidevelopmental,competence,0,3000,ewok_fast,50.09
antidevelopmental,competence,0,3000,supplement_fast,44.0
antidevelopmental,competence,0,3250,blimp_fast,53.04
antidevelopmental,competence,0,3250,entity_tracking_fast,29.28
antidevelopmental,competence,0,3250,ewok_fast,50.27
antidevelopmental,competence,0,3250,supplement_fast,51.6
antidevelopmental,competence,0,3500,blimp_fast,52.09
antidevelopmental,competence,0,3500,entity_tracking_fast,27.08
antidevelopmental,competence,0,3500,ewok_fast,49.0
antidevelopmental,competence,0,3500,supplement_fast,45.2
antidevelopmental,competence,0,3750,blimp_fast,53.16
antidevelopmental,competence,0,3750,entity_tracking_fast,31.27
antidevelopmental,competence,0,3750,ewok_fast,48.0
antidevelopmental,competence,0,3750,supplement_fast,48.4
antidevelopmental,competence,0,4000,blimp_fast,53.29
antidevelopmental,competence,0,4000,entity_tracking_fast,40.18
antidevelopmental,competence,0,4000,ewok_fast,49.09
antidevelopmental,competence,0,4000,supplement_fast,50.0
antidevelopmental,competence,0,4250,blimp_fast,52.91
antidevelopmental,competence,0,4250,entity_tracking_fast,40.67
antidevelopmental,competence,0,4250,ewok_fast,50.09
antidevelopmental,competence,0,4250,supplement_fast,49.2
antidevelopmental,competence,0,4500,blimp_fast,51.29
antidevelopmental,competence,0,4500,entity_tracking_fast,40.67
antidevelopmental,competence,0,4500,ewok_fast,49.82
antidevelopmental,competence,0,4500,supplement_fast,47.2
antidevelopmental,competence,0,4750,blimp_fast,51.72
antidevelopmental,competence,0,4750,entity_tracking_fast,40.8
antidevelopmental,competence,0,4750,ewok_fast,49.18
antidevelopmental,competence,0,4750,supplement_fast,48.8
antidevelopmental,competence,0,5000,blimp_fast,51.06
antidevelopmental,competence,0,5000,entity_tracking_fast,39.3
antidevelopmental,competence,0,5000,ewok_fast,48.55
antidevelopmental,competence,0,5000,supplement_fast,46.4
antidevelopmental,competence,0,5250,blimp_fast,50.57
antidevelopmental,competence,0,5250,entity_tracking_fast,39.74
antidevelopmental,competence,0,5250,ewok_fast,49.18
antidevelopmental,competence,0,5250,supplement_fast,45.6
antidevelopmental,competence,0,5500,blimp_fast,50.49
antidevelopmental,competence,0,5500,entity_tracking_fast,41.3
antidevelopmental,competence,0,5500,ewok_fast,48.18
antidevelopmental,competence,0,5500,supplement_fast,48.0
antidevelopmental,competence,0,5750,blimp_fast,50.73
antidevelopmental,competence,0,5750,entity_tracking_fast,40.69
antidevelopmental,competence,0,5750,ewok_fast,50.64
antidevelopmental,competence,0,5750,supplement_fast,44.4
antidevelopmental,competence,0,6000,blimp_fast,50.78
antidevelopmental,competence,0,6000,entity_tracking_fast,41.88
antidevelopmental,competence,0,6000,ewok_fast,50.36
antidevelopmental,competence,0,6000,supplement_fast,42.8
antidevelopmental,competence,1,0,blimp_fast,50.03
antidevelopmental,competence,1,0,entity_tracking_fast,42.74
antidevelopmental,competence,1,0,ewok_fast,51.0
antidevelopmental,competence,1,0,supplement_fast,47.2
antidevelopmental,competence,1,250,blimp_fast,53.79
antidevelopmental,competence,1,250,entity_tracking_fast,42.33
antidevelopmental,competence,1,250,ewok_fast,51.82
antidevelopmental,competence,1,250,supplement_fast,44.0
antidevelopmental,competence,1,500,blimp_fast,56.68
antidevelopmental,competence,1,500,entity_tracking_fast,26.39
antidevelopmental,competence,1,500,ewok_fast,52.18
antidevelopmental,competence,1,500,supplement_fast,47.6
antidevelopmental,competence,1,750,blimp_fast,52.96
antidevelopmental,competence,1,750,entity_tracking_fast,40.9
antidevelopmental,competence,1,750,ewok_fast,49.64
antidevelopmental,competence,1,750,supplement_fast,50.0
antidevelopmental,competence,1,1000,blimp_fast,55.61
antidevelopmental,competence,1,1000,entity_tracking_fast,22.15
antidevelopmental,competence,1,1000,ewok_fast,50.82
antidevelopmental,competence,1,1000,supplement_fast,49.2
antidevelopmental,competence,1,1250,blimp_fast,53.39
antidevelopmental,competence,1,1250,entity_tracking_fast,37.44
antidevelopmental,competence,1,1250,ewok_fast,50.73
antidevelopmental,competence,1,1250,supplement_fast,44.0
antidevelopmental,competence,1,1500,blimp_fast,52.57
antidevelopmental,competence,1,1500,entity_tracking_fast,13.91
antidevelopmental,competence,1,1500,ewok_fast,54.64
antidevelopmental,competence,1,1500,supplement_fast,45.2
antidevelopmental,competence,1,1750,blimp_fast,55.2
antidevelopmental,competence,1,1750,entity_tracking_fast,17.08
antidevelopmental,competence,1,1750,ewok_fast,51.09
antidevelopmental,competence,1,1750,supplement_fast,49.6
antidevelopmental,competence,1,2000,blimp_fast,53.19
antidevelopmental,competence,1,2000,entity_tracking_fast,12.93
antidevelopmental,competence,1,2000,ewok_fast,50.36
antidevelopmental,competence,1,2000,supplement_fast,46.8
antidevelopmental,competence,1,2250,blimp_fast,50.9
antidevelopmental,competence,1,2250,entity_tracking_fast,13.87
antidevelopmental,competence,1,2250,ewok_fast,51.55
antidevelopmental,competence,1,2250,supplement_fast,50.0
antidevelopmental,competence,1,2500,blimp_fast,53.06
antidevelopmental,competence,1,2500,entity_tracking_fast,18.73
antidevelopmental,competence,1,2500,ewok_fast,48.18
antidevelopmental,competence,1,2500,supplement_fast,49.2
antidevelopmental,competence,1,2750,blimp_fast,53.48
antidevelopmental,competence,1,2750,entity_tracking_fast,27.83
antidevelopmental,competence,1,2750,ewok_fast,51.45
antidevelopmental,competence,1,2750,supplement_fast,45.2
antidevelopmental,competence,1,3000,blimp_fast,53.04
antidevelopmental,competence,1,3000,entity_tracking_fast,27.29
antidevelopmental,competence,1,3000,ewok_fast,48.27
antidevelopmental,competence,1,3000,supplement_fast,49.6
antidevelopmental,competence,1,3250,blimp_fast,52.59
antidevelopmental,competence,1,3250,entity_tracking_fast,33.57
antidevelopmental,competence,1,3250,ewok_fast,52.0
antidevelopmental,competence,1,3250,supplement_fast,42.4
antidevelopmental,competence,1,3500,blimp_fast,51.13
antidevelopmental,competence,1,3500,entity_tracking_fast,15.83
antidevelopmental,competence,1,3500,ewok_fast,50.64
antidevelopmental,competence,1,3500,supplement_fast,46.0
antidevelopmental,competence,1,3750,blimp_fast,52.89
antidevelopmental,competence,1,3750,entity_tracking_fast,19.18
antidevelopmental,competence,1,3750,ewok_fast,50.27
antidevelopmental,competence,1,3750,supplement_fast,46.4
antidevelopmental,competence,1,4000,blimp_fast,53.54
antidevelopmental,competence,1,4000,entity_tracking_fast,28.13
antidevelopmental,competence,1,4000,ewok_fast,52.09
antidevelopmental,competence,1,4000,supplement_fast,44.4
antidevelopmental,competence,1,4250,blimp_fast,52.02
antidevelopmental,competence,1,4250,entity_tracking_fast,19.58
antidevelopmental,competence,1,4250,ewok_fast,49.36
antidevelopmental,competence,1,4250,supplement_fast,46.8
antidevelopmental,competence,1,4500,blimp_fast,51.55
antidevelopmental,competence,1,4500,entity_tracking_fast,35.21
antidevelopmental,competence,1,4500,ewok_fast,51.18
antidevelopmental,competence,1,4500,supplement_fast,45.2
antidevelopmental,competence,1,4750,blimp_fast,52.03
antidevelopmental,competence,1,4750,entity_tracking_fast,34.79
antidevelopmental,competence,1,4750,ewok_fast,50.18
antidevelopmental,competence,1,4750,supplement_fast,44.8
antidevelopmental,competence,1,5000,blimp_fast,50.86
antidevelopmental,competence,1,5000,entity_tracking_fast,24.11
antidevelopmental,competence,1,5000,ewok_fast,50.64
antidevelopmental,competence,1,5000,supplement_fast,45.6
antidevelopmental,competence,1,5250,blimp_fast,51.49
antidevelopmental,competence,1,5250,entity_tracking_fast,26.31
antidevelopmental,competence,1,5250,ewok_fast,49.73
antidevelopmental,competence,1,5250,supplement_fast,45.6
antidevelopmental,competence,1,5500,blimp_fast,51.92
antidevelopmental,competence,1,5500,entity_tracking_fast,24.96
antidevelopmental,competence,1,5500,ewok_fast,50.64
antidevelopmental,competence,1,5500,supplement_fast,49.6
antidevelopmental,competence,1,5750,blimp_fast,51.63
antidevelopmental,competence,1,5750,entity_tracking_fast,23.53
antidevelopmental,competence,1,5750,ewok_fast,50.09
antidevelopmental,competence,1,5750,supplement_fast,49.2
antidevelopmental,competence,1,6000,blimp_fast,51.6
antidevelopmental,competence,1,6000,entity_tracking_fast,22.08
antidevelopmental,competence,1,6000,ewok_fast,51.45
antidevelopmental,competence,1,6000,supplement_fast,49.6
antidevelopmental,competence,2,0,blimp_fast,50.75
antidevelopmental,competence,2,0,entity_tracking_fast,42.09
antidevelopmental,competence,2,0,ewok_fast,51.73
antidevelopmental,competence,2,0,supplement_fast,49.2
antidevelopmental,competence,2,250,blimp_fast,52.28
antidevelopmental,competence,2,250,entity_tracking_fast,36.89
antidevelopmental,competence,2,250,ewok_fast,48.82
antidevelopmental,competence,2,250,supplement_fast,49.6
antidevelopmental,competence,2,500,blimp_fast,53.5
antidevelopmental,competence,2,500,entity_tracking_fast,40.76
antidevelopmental,competence,2,500,ewok_fast,50.55
antidevelopmental,competence,2,500,supplement_fast,51.6
antidevelopmental,competence,2,750,blimp_fast,52.51
antidevelopmental,competence,2,750,entity_tracking_fast,43.18
antidevelopmental,competence,2,750,ewok_fast,50.64
antidevelopmental,competence,2,750,supplement_fast,45.6
antidevelopmental,competence,2,1000,blimp_fast,52.08
antidevelopmental,competence,2,1000,entity_tracking_fast,21.61
antidevelopmental,competence,2,1000,ewok_fast,51.91
antidevelopmental,competence,2,1000,supplement_fast,46.0
antidevelopmental,competence,2,1250,blimp_fast,54.78
antidevelopmental,competence,2,1250,entity_tracking_fast,38.66
antidevelopmental,competence,2,1250,ewok_fast,51.27
antidevelopmental,competence,2,1250,supplement_fast,50.4
antidevelopmental,competence,2,1500,blimp_fast,52.68
antidevelopmental,competence,2,1500,entity_tracking_fast,34.17
antidevelopmental,competence,2,1500,ewok_fast,48.55
antidevelopmental,competence,2,1500,supplement_fast,45.6
antidevelopmental,competence,2,1750,blimp_fast,51.95
antidevelopmental,competence,2,1750,entity_tracking_fast,36.95
antidevelopmental,competence,2,1750,ewok_fast,49.09
antidevelopmental,competence,2,1750,supplement_fast,43.6
antidevelopmental,competence,2,2000,blimp_fast,53.25
antidevelopmental,competence,2,2000,entity_tracking_fast,15.35
antidevelopmental,competence,2,2000,ewok_fast,52.09
antidevelopmental,competence,2,2000,supplement_fast,46.4
antidevelopmental,competence,2,2250,blimp_fast,52.94
antidevelopmental,competence,2,2250,entity_tracking_fast,22.82
antidevelopmental,competence,2,2250,ewok_fast,48.18
antidevelopmental,competence,2,2250,supplement_fast,52.4
antidevelopmental,competence,2,2500,blimp_fast,52.66
antidevelopmental,competence,2,2500,entity_tracking_fast,14.36
antidevelopmental,competence,2,2500,ewok_fast,50.0
antidevelopmental,competence,2,2500,supplement_fast,43.6
antidevelopmental,competence,2,2750,blimp_fast,53.31
antidevelopmental,competence,2,2750,entity_tracking_fast,22.69
antidevelopmental,competence,2,2750,ewok_fast,48.36
antidevelopmental,competence,2,2750,supplement_fast,40.8
antidevelopmental,competence,2,3000,blimp_fast,52.49
antidevelopmental,competence,2,3000,entity_tracking_fast,21.51
antidevelopmental,competence,2,3000,ewok_fast,48.36
antidevelopmental,competence,2,3000,supplement_fast,49.6
antidevelopmental,competence,2,3250,blimp_fast,51.67
antidevelopmental,competence,2,3250,entity_tracking_fast,26.91
antidevelopmental,competence,2,3250,ewok_fast,49.73
antidevelopmental,competence,2,3250,supplement_fast,48.4
antidevelopmental,competence,2,3500,blimp_fast,53.49
antidevelopmental,competence,2,3500,entity_tracking_fast,15.43
antidevelopmental,competence,2,3500,ewok_fast,47.82
antidevelopmental,competence,2,3500,supplement_fast,48.8
antidevelopmental,competence,2,3750,blimp_fast,53.31
antidevelopmental,competence,2,3750,entity_tracking_fast,16.29
antidevelopmental,competence,2,3750,ewok_fast,49.09
antidevelopmental,competence,2,3750,supplement_fast,47.2
antidevelopmental,competence,2,4000,blimp_fast,52.62
antidevelopmental,competence,2,4000,entity_tracking_fast,14.38
antidevelopmental,competence,2,4000,ewok_fast,48.82
antidevelopmental,competence,2,4000,supplement_fast,50.8
antidevelopmental,competence,2,4250,blimp_fast,53.13
antidevelopmental,competence,2,4250,entity_tracking_fast,18.01
antidevelopmental,competence,2,4250,ewok_fast,51.82
antidevelopmental,competence,2,4250,supplement_fast,44.8
antidevelopmental,competence,2,4500,blimp_fast,53.22
antidevelopmental,competence,2,4500,entity_tracking_fast,20.77
antidevelopmental,competence,2,4500,ewok_fast,48.27
antidevelopmental,competence,2,4500,supplement_fast,46.8
antidevelopmental,competence,2,4750,blimp_fast,52.4
antidevelopmental,competence,2,4750,entity_tracking_fast,28.58
antidevelopmental,competence,2,4750,ewok_fast,50.18
antidevelopmental,competence,2,4750,supplement_fast,45.2
antidevelopmental,competence,2,5000,blimp_fast,52.43
antidevelopmental,competence,2,5000,entity_tracking_fast,24.27
antidevelopmental,competence,2,5000,ewok_fast,50.55
antidevelopmental,competence,2,5000,supplement_fast,47.2
antidevelopmental,competence,2,5250,blimp_fast,51.57
antidevelopmental,competence,2,5250,entity_tracking_fast,32.75
antidevelopmental,competence,2,5250,ewok_fast,49.36
antidevelopmental,competence,2,5250,supplement_fast,47.2
antidevelopmental,competence,2,5500,blimp_fast,51.18
antidevelopmental,competence,2,5500,entity_tracking_fast,26.42
antidevelopmental,competence,2,5500,ewok_fast,48.36
antidevelopmental,competence,2,5500,supplement_fast,49.6
antidevelopmental,competence,2,5750,blimp_fast,51.19
antidevelopmental,competence,2,5750,entity_tracking_fast,24.62
antidevelopmental,competence,2,5750,ewok_fast,48.09
antidevelopmental,competence,2,5750,supplement_fast,47.2
antidevelopmental,competence,2,6000,blimp_fast,51.54
antidevelopmental,competence,2,6000,entity_tracking_fast,21.05
antidevelopmental,competence,2,6000,ewok_fast,47.91
antidevelopmental,competence,2,6000,supplement_fast,51.6
antidevelopmental,staged,0,0,blimp_fast,49.91
antidevelopmental,staged,0,0,entity_tracking_fast,42.54
antidevelopmental,staged,0,0,ewok_fast,49.45
antidevelopmental,staged,0,0,supplement_fast,49.2
antidevelopmental,staged,0,250,blimp_fast,55.1
antidevelopmental,staged,0,250,entity_tracking_fast,42.0
antidevelopmental,staged,0,250,ewok_fast,47.36
antidevelopmental,staged,0,250,supplement_fast,48.4
antidevelopmental,staged,0,500,blimp_fast,54.11
antidevelopmental,staged,0,500,entity_tracking_fast,40.79
antidevelopmental,staged,0,500,ewok_fast,50.45
antidevelopmental,staged,0,500,supplement_fast,47.2
antidevelopmental,staged,0,750,blimp_fast,54.13
antidevelopmental,staged,0,750,entity_tracking_fast,42.22
antidevelopmental,staged,0,750,ewok_fast,51.09
antidevelopmental,staged,0,750,supplement_fast,49.6
antidevelopmental,staged,0,1000,blimp_fast,53.74
antidevelopmental,staged,0,1000,entity_tracking_fast,43.58
antidevelopmental,staged,0,1000,ewok_fast,49.82
antidevelopmental,staged,0,1000,supplement_fast,47.2
antidevelopmental,staged,0,1250,blimp_fast,54.62
antidevelopmental,staged,0,1250,entity_tracking_fast,43.57
antidevelopmental,staged,0,1250,ewok_fast,50.18
antidevelopmental,staged,0,1250,supplement_fast,45.2
antidevelopmental,staged,0,1500,blimp_fast,55.13
antidevelopmental,staged,0,1500,entity_tracking_fast,33.62
antidevelopmental,staged,0,1500,ewok_fast,53.27
antidevelopmental,staged,0,1500,supplement_fast,44.0
antidevelopmental,staged,0,1750,blimp_fast,55.76
antidevelopmental,staged,0,1750,entity_tracking_fast,42.07
antidevelopmental,staged,0,1750,ewok_fast,50.55
antidevelopmental,staged,0,1750,supplement_fast,45.2
antidevelopmental,staged,0,2000,blimp_fast,54.18
antidevelopmental,staged,0,2000,entity_tracking_fast,40.26
antidevelopmental,staged,0,2000,ewok_fast,50.09
antidevelopmental,staged,0,2000,supplement_fast,43.6
antidevelopmental,staged,0,2250,blimp_fast,53.47
antidevelopmental,staged,0,2250,entity_tracking_fast,44.2
antidevelopmental,staged,0,2250,ewok_fast,50.27
antidevelopmental,staged,0,2250,supplement_fast,50.4
antidevelopmental,staged,0,2500,blimp_fast,54.4
antidevelopmental,staged,0,2500,entity_tracking_fast,38.52
antidevelopmental,staged,0,2500,ewok_fast,50.36
antidevelopmental,staged,0,2500,supplement_fast,46.8
antidevelopmental,staged,0,2750,blimp_fast,53.34
antidevelopmental,staged,0,2750,entity_tracking_fast,40.56
antidevelopmental,staged,0,2750,ewok_fast,49.82
antidevelopmental,staged,0,2750,supplement_fast,46.4
antidevelopmental,staged,0,3000,blimp_fast,53.11
antidevelopmental,staged,0,3000,entity_tracking_fast,30.89
antidevelopmental,staged,0,3000,ewok_fast,48.82
antidevelopmental,staged,0,3000,supplement_fast,45.2
antidevelopmental,staged,0,3250,blimp_fast,52.34
antidevelopmental,staged,0,3250,entity_tracking_fast,28.43
antidevelopmental,staged,0,3250,ewok_fast,48.09
antidevelopmental,staged,0,3250,supplement_fast,46.4
antidevelopmental,staged,0,3500,blimp_fast,52.82
antidevelopmental,staged,0,3500,entity_tracking_fast,40.67
antidevelopmental,staged,0,3500,ewok_fast,48.55
antidevelopmental,staged,0,3500,supplement_fast,45.2
antidevelopmental,staged,0,3750,blimp_fast,52.72
antidevelopmental,staged,0,3750,entity_tracking_fast,20.17
antidevelopmental,staged,0,3750,ewok_fast,49.09
antidevelopmental,staged,0,3750,supplement_fast,48.8
antidevelopmental,staged,0,4000,blimp_fast,51.12
antidevelopmental,staged,0,4000,entity_tracking_fast,28.32
antidevelopmental,staged,0,4000,ewok_fast,51.91
antidevelopmental,staged,0,4000,supplement_fast,47.6
antidevelopmental,staged,0,4250,blimp_fast,53.12
antidevelopmental,staged,0,4250,entity_tracking_fast,39.26
antidevelopmental,staged,0,4250,ewok_fast,50.36
antidevelopmental,staged,0,4250,supplement_fast,44.0
antidevelopmental,staged,0,4500,blimp_fast,51.75
antidevelopmental,staged,0,4500,entity_tracking_fast,37.02
antidevelopmental,staged,0,4500,ewok_fast,51.18
antidevelopmental,staged,0,4500,supplement_fast,44.0
antidevelopmental,staged,0,4750,blimp_fast,52.6
antidevelopmental,staged,0,4750,entity_tracking_fast,36.25
antidevelopmental,staged,0,4750,ewok_fast,50.64
antidevelopmental,staged,0,4750,supplement_fast,47.6
antidevelopmental,staged,0,5000,blimp_fast,51.54
antidevelopmental,staged,0,5000,entity_tracking_fast,22.05
antidevelopmental,staged,0,5000,ewok_fast,50.18
antidevelopmental,staged,0,5000,supplement_fast,50.4
antidevelopmental,staged,0,5250,blimp_fast,51.91
antidevelopmental,staged,0,5250,entity_tracking_fast,23.79
antidevelopmental,staged,0,5250,ewok_fast,51.64
antidevelopmental,staged,0,5250,supplement_fast,47.6
antidevelopmental,staged,1,0,blimp_fast,50.05
antidevelopmental,staged,1,0,entity_tracking_fast,42.76
antidevelopmental,staged,1,0,ewok_fast,51.0
antidevelopmental,staged,1,0,supplement_fast,47.2
antidevelopmental,staged,1,250,blimp_fast,52.91
antidevelopmental,staged,1,250,entity_tracking_fast,39.61
antidevelopmental,staged,1,250,ewok_fast,48.73
antidevelopmental,staged,1,250,supplement_fast,49.6
antidevelopmental,staged,1,500,blimp_fast,55.51
antidevelopmental,staged,1,500,entity_tracking_fast,31.86
antidevelopmental,staged,1,500,ewok_fast,49.27
antidevelopmental,staged,1,500,supplement_fast,46.0
antidevelopmental,staged,1,750,blimp_fast,53.16
antidevelopmental,staged,1,750,entity_tracking_fast,21.6
antidevelopmental,staged,1,750,ewok_fast,49.09
antidevelopmental,staged,1,750,supplement_fast,47.6
antidevelopmental,staged,1,1000,blimp_fast,55.3
antidevelopmental,staged,1,1000,entity_tracking_fast,40.15
antidevelopmental,staged,1,1000,ewok_fast,51.82
antidevelopmental,staged,1,1000,supplement_fast,46.4
antidevelopmental,staged,1,1250,blimp_fast,54.67
antidevelopmental,staged,1,1250,entity_tracking_fast,21.71
antidevelopmental,staged,1,1250,ewok_fast,50.45
antidevelopmental,staged,1,1250,supplement_fast,46.0
antidevelopmental,staged,1,1500,blimp_fast,54.78
antidevelopmental,staged,1,1500,entity_tracking_fast,15.52
antidevelopmental,staged,1,1500,ewok_fast,48.09
antidevelopmental,staged,1,1500,supplement_fast,53.6
antidevelopmental,staged,1,1750,blimp_fast,54.4
antidevelopmental,staged,1,1750,entity_tracking_fast,16.31
antidevelopmental,staged,1,1750,ewok_fast,50.64
antidevelopmental,staged,1,1750,supplement_fast,46.8
antidevelopmental,staged,1,2000,blimp_fast,56.3
antidevelopmental,staged,1,2000,entity_tracking_fast,41.89
antidevelopmental,staged,1,2000,ewok_fast,52.0
antidevelopmental,staged,1,2000,supplement_fast,46.0
antidevelopmental,staged,1,2250,blimp_fast,51.34
antidevelopmental,staged,1,2250,entity_tracking_fast,15.24
antidevelopmental,staged,1,2250,ewok_fast,51.09
antidevelopmental,staged,1,2250,supplement_fast,49.6
antidevelopmental,staged,1,2500,blimp_fast,52.56
antidevelopmental,staged,1,2500,entity_tracking_fast,13.22
antidevelopmental,staged,1,2500,ewok_fast,49.64
antidevelopmental,staged,1,2500,supplement_fast,47.2
antidevelopmental,staged,1,2750,blimp_fast,51.59
antidevelopmental,staged,1,2750,entity_tracking_fast,14.44
antidevelopmental,staged,1,2750,ewok_fast,50.55
antidevelopmental,staged,1,2750,supplement_fast,45.6
antidevelopmental,staged,1,3000,blimp_fast,52.56
antidevelopmental,staged,1,3000,entity_tracking_fast,12.95
antidevelopmental,staged,1,3000,ewok_fast,51.18
antidevelopmental,staged,1,3000,supplement_fast,50.0
antidevelopmental,staged,1,3250,blimp_fast,51.86
antidevelopmental,staged,1,3250,entity_tracking_fast,12.84
antidevelopmental,staged,1,3250,ewok_fast,50.64
antidevelopmental,staged,1,3250,supplement_fast,50.0
antidevelopmental,staged,1,3500,blimp_fast,52.69
antidevelopmental,staged,1,3500,entity_tracking_fast,14.16
antidevelopmental,staged,1,3500,ewok_fast,52.18
antidevelopmental,staged,1,3500,supplement_fast,47.2
antidevelopmental,staged,1,3750,blimp_fast,52.1
antidevelopmental,staged,1,3750,entity_tracking_fast,15.85
antidevelopmental,staged,1,3750,ewok_fast,50.73
antidevelopmental,staged,1,3750,supplement_fast,49.2
antidevelopmental,staged,1,4000,blimp_fast,51.38
antidevelopmental,staged,1,4000,entity_tracking_fast,18.83
antidevelopmental,staged,1,4000,ewok_fast,49.91
antidevelopmental,staged,1,4000,supplement_fast,52.8
antidevelopmental,staged,1,4250,blimp_fast,51.84
antidevelopmental,staged,1,4250,entity_tracking_fast,18.18
antidevelopmental,staged,1,4250,ewok_fast,50.82
antidevelopmental,staged,1,4250,supplement_fast,45.6
antidevelopmental,staged,1,4500,blimp_fast,52.13
antidevelopmental,staged,1,4500,entity_tracking_fast,31.85
antidevelopmental,staged,1,4500,ewok_fast,52.82
antidevelopmental,staged,1,4500,supplement_fast,44.4
antidevelopmental,staged,1,4750,blimp_fast,51.99
antidevelopmental,staged,1,4750,entity_tracking_fast,30.53
antidevelopmental,staged,1,4750,ewok_fast,50.91
antidevelopmental,staged,1,4750,supplement_fast,46.0
antidevelopmental,staged,1,5000,blimp_fast,50.4
antidevelopmental,staged,1,5000,entity_tracking_fast,42.99
antidevelopmental,staged,1,5000,ewok_fast,51.27
antidevelopmental,staged,1,5000,supplement_fast,47.2
antidevelopmental,staged,1,5250,blimp_fast,50.54
antidevelopmental,staged,1,5250,entity_tracking_fast,26.93
antidevelopmental,staged,1,5250,ewok_fast,48.73
antidevelopmental,staged,1,5250,supplement_fast,43.6
antidevelopmental,staged,2,0,blimp_fast,50.74
antidevelopmental,staged,2,0,entity_tracking_fast,42.06
antidevelopmental,staged,2,0,ewok_fast,51.73
antidevelopmental,staged,2,0,supplement_fast,49.2
antidevelopmental,staged,2,250,blimp_fast,54.71
antidevelopmental,staged,2,250,entity_tracking_fast,39.49
antidevelopmental,staged,2,250,ewok_fast,49.0
antidevelopmental,staged,2,250,supplement_fast,48.4
antidevelopmental,staged,2,500,blimp_fast,55.05
antidevelopmental,staged,2,500,entity_tracking_fast,32.8
antidevelopmental,staged,2,500,ewok_fast,51.82
antidevelopmental,staged,2,500,supplement_fast,55.2
antidevelopmental,staged,2,750,blimp_fast,55.25
antidevelopmental,staged,2,750,entity_tracking_fast,13.27
antidevelopmental,staged,2,750,ewok_fast,51.18
antidevelopmental,staged,2,750,supplement_fast,50.0
antidevelopmental,staged,2,1000,blimp_fast,57.25
antidevelopmental,staged,2,1000,entity_tracking_fast,25.28
antidevelopmental,staged,2,1000,ewok_fast,50.64
antidevelopmental,staged,2,1000,supplement_fast,50.0
antidevelopmental,staged,2,1250,blimp_fast,57.01
antidevelopmental,staged,2,1250,entity_tracking_fast,23.96
antidevelopmental,staged,2,1250,ewok_fast,50.73
antidevelopmental,staged,2,1250,supplement_fast,49.6
antidevelopmental,staged,2,1500,blimp_fast,55.08
antidevelopmental,staged,2,1500,entity_tracking_fast,15.48
antidevelopmental,staged,2,1500,ewok_fast,49.36
antidevelopmental,staged,2,1500,supplement_fast,50.8
antidevelopmental,staged,2,1750,blimp_fast,52.34
antidevelopmental,staged,2,1750,entity_tracking_fast,28.68
antidevelopmental,staged,2,1750,ewok_fast,49.36
antidevelopmental,staged,2,1750,supplement_fast,49.2
antidevelopmental,staged,2,2000,blimp_fast,54.43
antidevelopmental,staged,2,2000,entity_tracking_fast,19.09
antidevelopmental,staged,2,2000,ewok_fast,50.09
antidevelopmental,staged,2,2000,supplement_fast,45.2
antidevelopmental,staged,2,2250,blimp_fast,54.31
antidevelopmental,staged,2,2250,entity_tracking_fast,28.85
antidevelopmental,staged,2,2250,ewok_fast,49.36
antidevelopmental,staged,2,2250,supplement_fast,43.6
antidevelopmental,staged,2,2500,blimp_fast,54.97
antidevelopmental,staged,2,2500,entity_tracking_fast,31.98
antidevelopmental,staged,2,2500,ewok_fast,52.27
antidevelopmental,staged,2,2500,supplement_fast,44.8
antidevelopmental,staged,2,2750,blimp_fast,52.19
antidevelopmental,staged,2,2750,entity_tracking_fast,17.15
antidevelopmental,staged,2,2750,ewok_fast,49.55
antidevelopmental,staged,2,2750,supplement_fast,50.8
antidevelopmental,staged,2,3000,blimp_fast,53.37
antidevelopmental,staged,2,3000,entity_tracking_fast,16.36
antidevelopmental,staged,2,3000,ewok_fast,49.82
antidevelopmental,staged,2,3000,supplement_fast,46.4
antidevelopmental,staged,2,3250,blimp_fast,54.27
antidevelopmental,staged,2,3250,entity_tracking_fast,14.46
antidevelopmental,staged,2,3250,ewok_fast,51.27
antidevelopmental,staged,2,3250,supplement_fast,50.4
antidevelopmental,staged,2,3500,blimp_fast,55.47
antidevelopmental,staged,2,3500,entity_tracking_fast,13.38
antidevelopmental,staged,2,3500,ewok_fast,46.45
antidevelopmental,staged,2,3500,supplement_fast,44.0
antidevelopmental,staged,2,3750,blimp_fast,50.01
antidevelopmental,staged,2,3750,entity_tracking_fast,26.19
antidevelopmental,staged,2,3750,ewok_fast,51.91
antidevelopmental,staged,2,3750,supplement_fast,42.4
antidevelopmental,staged,2,4000,blimp_fast,52.63
antidevelopmental,staged,2,4000,entity_tracking_fast,14.4
antidevelopmental,staged,2,4000,ewok_fast,51.91
antidevelopmental,staged,2,4000,supplement_fast,44.0
antidevelopmental,staged,2,4250,blimp_fast,51.69
antidevelopmental,staged,2,4250,entity_tracking_fast,20.58
antidevelopmental,staged,2,4250,ewok_fast,50.36
antidevelopmental,staged,2,4250,supplement_fast,50.8
antidevelopmental,staged,2,4500,blimp_fast,53.16
antidevelopmental,staged,2,4500,entity_tracking_fast,16.62
antidevelopmental,staged,2,4500,ewok_fast,48.91
antidevelopmental,staged,2,4500,supplement_fast,49.6
antidevelopmental,staged,2,4750,blimp_fast,52.52
antidevelopmental,staged,2,4750,entity_tracking_fast,14.82
antidevelopmental,staged,2,4750,ewok_fast,49.09
antidevelopmental,staged,2,4750,supplement_fast,44.4
antidevelopmental,staged,2,5000,blimp_fast,52.73
antidevelopmental,staged,2,5000,entity_tracking_fast,14.28
antidevelopmental,staged,2,5000,ewok_fast,51.73
antidevelopmental,staged,2,5000,supplement_fast,43.2
antidevelopmental,staged,2,5250,blimp_fast,52.71
antidevelopmental,staged,2,5250,entity_tracking_fast,18.73
antidevelopmental,staged,2,5250,ewok_fast,50.0
antidevelopmental,staged,2,5250,supplement_fast,47.6
developmental,competence,0,0,blimp_fast,49.91
developmental,competence,0,0,entity_tracking_fast,42.54
developmental,competence,0,0,ewok_fast,49.36
developmental,competence,0,0,supplement_fast,49.2
developmental,competence,0,250,blimp_fast,55.49
developmental,competence,0,250,entity_tracking_fast,42.68
developmental,competence,0,250,ewok_fast,48.09
developmental,competence,0,250,supplement_fast,41.2
developmental,competence,0,500,blimp_fast,54.08
developmental,competence,0,500,entity_tracking_fast,41.56
developmental,competence,0,500,ewok_fast,51.82
developmental,competence,0,500,supplement_fast,48.4
developmental,competence,0,750,blimp_fast,55.39
developmental,competence,0,750,entity_tracking_fast,43.01
developmental,competence,0,750,ewok_fast,49.64
developmental,competence,0,750,supplement_fast,49.6
developmental,competence,0,1000,blimp_fast,55.29
developmental,competence,0,1000,entity_tracking_fast,22.52
developmental,competence,0,1000,ewok_fast,49.91
developmental,competence,0,1000,supplement_fast,52.8
developmental,competence,0,1250,blimp_fast,54.19
developmental,competence,0,1250,entity_tracking_fast,40.18
developmental,competence,0,1250,ewok_fast,50.45
developmental,competence,0,1250,supplement_fast,51.6
developmental,competence,0,1500,blimp_fast,53.93
developmental,competence,0,1500,entity_tracking_fast,42.32
developmental,competence,0,1500,ewok_fast,51.73
developmental,competence,0,1500,supplement_fast,49.6
developmental,competence,0,1750,blimp_fast,53.06
developmental,competence,0,1750,entity_tracking_fast,42.41
developmental,competence,0,1750,ewok_fast,50.27
developmental,competence,0,1750,supplement_fast,49.6
developmental,competence,0,2000,blimp_fast,53.09
developmental,competence,0,2000,entity_tracking_fast,42.45
developmental,competence,0,2000,ewok_fast,46.64
developmental,competence,0,2000,supplement_fast,48.4
developmental,competence,0,2250,blimp_fast,51.61
developmental,competence,0,2250,entity_tracking_fast,42.52
developmental,competence,0,2250,ewok_fast,49.73
developmental,competence,0,2250,supplement_fast,48.8
developmental,competence,0,2500,blimp_fast,53.09
developmental,competence,0,2500,entity_tracking_fast,42.38
developmental,competence,0,2500,ewok_fast,52.0
developmental,competence,0,2500,supplement_fast,47.6
developmental,competence,0,2750,blimp_fast,53.09
developmental,competence,0,2750,entity_tracking_fast,41.05
developmental,competence,0,2750,ewok_fast,51.45
developmental,competence,0,2750,supplement_fast,47.6
developmental,competence,0,3000,blimp_fast,52.96
developmental,competence,0,3000,entity_tracking_fast,43.43
developmental,competence,0,3000,ewok_fast,52.45
developmental,competence,0,3000,supplement_fast,49.6
developmental,competence,0,3250,blimp_fast,53.11
developmental,competence,0,3250,entity_tracking_fast,40.02
developmental,competence,0,3250,ewok_fast,54.36
developmental,competence,0,3250,supplement_fast,47.6
developmental,competence,0,3500,blimp_fast,52.82
developmental,competence,0,3500,entity_tracking_fast,40.07
developmental,competence,0,3500,ewok_fast,53.09
developmental,competence,0,3500,supplement_fast,48.4
developmental,competence,0,3750,blimp_fast,52.87
developmental,competence,0,3750,entity_tracking_fast,37.75
developmental,competence,0,3750,ewok_fast,51.36
developmental,competence,0,3750,supplement_fast,48.8
developmental,competence,0,4000,blimp_fast,53.16
developmental,competence,0,4000,entity_tracking_fast,38.92
developmental,competence,0,4000,ewok_fast,52.82
developmental,competence,0,4000,supplement_fast,50.4
developmental,competence,0,4250,blimp_fast,53.29
developmental,competence,0,4250,entity_tracking_fast,35.02
developmental,competence,0,4250,ewok_fast,51.82
developmental,competence,0,4250,supplement_fast,52.4
developmental,competence,0,4500,blimp_fast,52.78
developmental,competence,0,4500,entity_tracking_fast,34.87
developmental,competence,0,4500,ewok_fast,52.27
developmental,competence,0,4500,supplement_fast,48.4
developmental,competence,0,4750,blimp_fast,53.0
developmental,competence,0,4750,entity_tracking_fast,33.76
developmental,competence,0,4750,ewok_fast,53.0
developmental,competence,0,4750,supplement_fast,49.6
developmental,competence,1,0,blimp_fast,50.01
developmental,competence,1,0,entity_tracking_fast,42.76
developmental,competence,1,0,ewok_fast,50.82
developmental,competence,1,0,supplement_fast,47.2
developmental,competence,1,250,blimp_fast,53.49
developmental,competence,1,250,entity_tracking_fast,43.42
developmental,competence,1,250,ewok_fast,49.18
developmental,competence,1,250,supplement_fast,48.4
developmental,competence,1,500,blimp_fast,54.74
developmental,competence,1,500,entity_tracking_fast,43.98
developmental,competence,1,500,ewok_fast,47.64
developmental,competence,1,500,supplement_fast,47.2
developmental,competence,1,750,blimp_fast,54.83
developmental,competence,1,750,entity_tracking_fast,43.17
developmental,competence,1,750,ewok_fast,49.45
developmental,competence,1,750,supplement_fast,49.2
developmental,competence,1,1000,blimp_fast,54.96
developmental,competence,1,1000,entity_tracking_fast,25.19
developmental,competence,1,1000,ewok_fast,50.91
developmental,competence,1,1000,supplement_fast,53.2
developmental,competence,1,1250,blimp_fast,51.96
developmental,competence,1,1250,entity_tracking_fast,39.21
developmental,competence,1,1250,ewok_fast,50.82
developmental,competence,1,1250,supplement_fast,48.4
developmental,competence,1,1500,blimp_fast,51.93
developmental,competence,1,1500,entity_tracking_fast,29.39
developmental,competence,1,1500,ewok_fast,50.09
developmental,competence,1,1500,supplement_fast,48.0
developmental,competence,1,1750,blimp_fast,53.4
developmental,competence,1,1750,entity_tracking_fast,15.47
developmental,competence,1,1750,ewok_fast,51.45
developmental,competence,1,1750,supplement_fast,47.6
developmental,competence,1,2000,blimp_fast,53.1
developmental,competence,1,2000,entity_tracking_fast,37.23
developmental,competence,1,2000,ewok_fast,48.91
developmental,competence,1,2000,supplement_fast,44.0
developmental,competence,1,2250,blimp_fast,53.28
developmental,competence,1,2250,entity_tracking_fast,41.77
developmental,competence,1,2250,ewok_fast,49.45
developmental,competence,1,2250,supplement_fast,49.2
developmental,competence,1,2500,blimp_fast,53.46
developmental,competence,1,2500,entity_tracking_fast,32.31
developmental,competence,1,2500,ewok_fast,50.82
developmental,competence,1,2500,supplement_fast,46.8
developmental,competence,1,2750,blimp_fast,52.91
developmental,competence,1,2750,entity_tracking_fast,16.06
developmental,competence,1,2750,ewok_fast,50.73
developmental,competence,1,2750,supplement_fast,46.0
developmental,competence,1,3000,blimp_fast,52.77
developmental,competence,1,3000,entity_tracking_fast,20.42
developmental,competence,1,3000,ewok_fast,51.64
developmental,competence,1,3000,supplement_fast,43.2
developmental,competence,1,3250,blimp_fast,51.31
developmental,competence,1,3250,entity_tracking_fast,19.87
developmental,competence,1,3250,ewok_fast,49.45
developmental,competence,1,3250,supplement_fast,48.0
developmental,competence,1,3500,blimp_fast,51.28
developmental,competence,1,3500,entity_tracking_fast,30.44
developmental,competence,1,3500,ewok_fast,49.55
developmental,competence,1,3500,supplement_fast,44.0
developmental,competence,1,3750,blimp_fast,51.13
developmental,competence,1,3750,entity_tracking_fast,18.18
developmental,competence,1,3750,ewok_fast,51.09
developmental,competence,1,3750,supplement_fast,44.8
developmental,competence,1,4000,blimp_fast,50.22
developmental,competence,1,4000,entity_tracking_fast,23.97
developmental,competence,1,4000,ewok_fast,52.82
developmental,competence,1,4000,supplement_fast,45.6
developmental,competence,1,4250,blimp_fast,50.96
developmental,competence,1,4250,entity_tracking_fast,22.56
developmental,competence,1,4250,ewok_fast,52.18
developmental,competence,1,4250,supplement_fast,46.0
developmental,competence,1,4500,blimp_fast,51.13
developmental,competence,1,4500,entity_tracking_fast,24.64
developmental,competence,1,4500,ewok_fast,52.73
developmental,competence,1,4500,supplement_fast,46.4
developmental,competence,1,4750,blimp_fast,50.95
developmental,competence,1,4750,entity_tracking_fast,30.35
developmental,competence,1,4750,ewok_fast,51.91
developmental,competence,1,4750,supplement_fast,45.6
developmental,competence,2,0,blimp_fast,50.72
developmental,competence,2,0,entity_tracking_fast,42.09
developmental,competence,2,0,ewok_fast,51.64
developmental,competence,2,0,supplement_fast,49.2
developmental,competence,2,250,blimp_fast,52.55
developmental,competence,2,250,entity_tracking_fast,41.93
developmental,competence,2,250,ewok_fast,50.45
developmental,competence,2,250,supplement_fast,48.0
developmental,competence,2,500,blimp_fast,56.44
developmental,competence,2,500,entity_tracking_fast,43.3
developmental,competence,2,500,ewok_fast,50.18
developmental,competence,2,500,supplement_fast,47.6
developmental,competence,2,750,blimp_fast,54.66
developmental,competence,2,750,entity_tracking_fast,40.39
developmental,competence,2,750,ewok_fast,52.0
developmental,competence,2,750,supplement_fast,48.8
developmental,competence,2,1000,blimp_fast,53.33
developmental,competence,2,1000,entity_tracking_fast,42.43
developmental,competence,2,1000,ewok_fast,51.18
developmental,competence,2,1000,supplement_fast,46.0
developmental,competence,2,1250,blimp_fast,54.13
developmental,competence,2,1250,entity_tracking_fast,36.56
developmental,competence,2,1250,ewok_fast,50.91
developmental,competence,2,1250,supplement_fast,46.0
developmental,competence,2,1500,blimp_fast,54.58
developmental,competence,2,1500,entity_tracking_fast,40.99
developmental,competence,2,1500,ewok_fast,51.73
developmental,competence,2,1500,supplement_fast,50.0
developmental,competence,2,1750,blimp_fast,52.83
developmental,competence,2,1750,entity_tracking_fast,39.91
developmental,competence,2,1750,ewok_fast,48.64
developmental,competence,2,1750,supplement_fast,46.8
developmental,competence,2,2000,blimp_fast,53.22
developmental,competence,2,2000,entity_tracking_fast,44.0
developmental,competence,2,2000,ewok_fast,49.82
developmental,competence,2,2000,supplement_fast,46.0
developmental,competence,2,2250,blimp_fast,52.22
developmental,competence,2,2250,entity_tracking_fast,43.57
developmental,competence,2,2250,ewok_fast,48.64
developmental,competence,2,2250,supplement_fast,41.2
developmental,competence,2,2500,blimp_fast,51.48
developmental,competence,2,2500,entity_tracking_fast,38.41
developmental,competence,2,2500,ewok_fast,52.91
developmental,competence,2,2500,supplement_fast,45.2
developmental,competence,2,2750,blimp_fast,52.4
developmental,competence,2,2750,entity_tracking_fast,38.23
developmental,competence,2,2750,ewok_fast,51.09
developmental,competence,2,2750,supplement_fast,40.0
developmental,competence,2,3000,blimp_fast,52.72
developmental,competence,2,3000,entity_tracking_fast,38.15
developmental,competence,2,3000,ewok_fast,51.91
developmental,competence,2,3000,supplement_fast,41.6
developmental,competence,2,3250,blimp_fast,51.4
developmental,competence,2,3250,entity_tracking_fast,40.65
developmental,competence,2,3250,ewok_fast,52.82
developmental,competence,2,3250,supplement_fast,43.6
developmental,competence,2,3500,blimp_fast,51.63
developmental,competence,2,3500,entity_tracking_fast,41.17
developmental,competence,2,3500,ewok_fast,51.18
developmental,competence,2,3500,supplement_fast,38.8
developmental,competence,2,3750,blimp_fast,52.57
developmental,competence,2,3750,entity_tracking_fast,42.02
developmental,competence,2,3750,ewok_fast,51.64
developmental,competence,2,3750,supplement_fast,42.8
developmental,competence,2,4000,blimp_fast,52.06
developmental,competence,2,4000,entity_tracking_fast,42.78
developmental,competence,2,4000,ewok_fast,50.0
developmental,competence,2,4000,supplement_fast,40.0
developmental,competence,2,4250,blimp_fast,51.99
developmental,competence,2,4250,entity_tracking_fast,41.14
developmental,competence,2,4250,ewok_fast,51.36
developmental,competence,2,4250,supplement_fast,44.4
developmental,competence,2,4500,blimp_fast,52.34
developmental,competence,2,4500,entity_tracking_fast,40.74
developmental,competence,2,4500,ewok_fast,48.82
developmental,competence,2,4500,supplement_fast,44.0
developmental,competence,2,4750,blimp_fast,52.01
developmental,competence,2,4750,entity_tracking_fast,41.38
developmental,competence,2,4750,ewok_fast,49.91
developmental,competence,2,4750,supplement_fast,45.6
developmental,staged,0,0,blimp_fast,49.9
developmental,staged,0,0,entity_tracking_fast,42.54
developmental,staged,0,0,ewok_fast,49.36
developmental,staged,0,0,supplement_fast,49.2
developmental,staged,0,250,blimp_fast,51.49
developmental,staged,0,250,entity_tracking_fast,42.28
developmental,staged,0,250,ewok_fast,53.09
developmental,staged,0,250,supplement_fast,46.4
developmental,staged,0,500,blimp_fast,53.87
developmental,staged,0,500,entity_tracking_fast,40.31
developmental,staged,0,500,ewok_fast,49.36
developmental,staged,0,500,supplement_fast,46.8
developmental,staged,0,750,blimp_fast,52.42
developmental,staged,0,750,entity_tracking_fast,43.51
developmental,staged,0,750,ewok_fast,50.82
developmental,staged,0,750,supplement_fast,45.2
developmental,staged,0,1000,blimp_fast,55.67
developmental,staged,0,1000,entity_tracking_fast,40.32
developmental,staged,0,1000,ewok_fast,51.36
developmental,staged,0,1000,supplement_fast,49.2
developmental,staged,0,1250,blimp_fast,53.88
developmental,staged,0,1250,entity_tracking_fast,19.82
developmental,staged,0,1250,ewok_fast,49.82
developmental,staged,0,1250,supplement_fast,48.0
developmental,staged,0,1500,blimp_fast,54.86
developmental,staged,0,1500,entity_tracking_fast,36.85
developmental,staged,0,1500,ewok_fast,52.82
developmental,staged,0,1500,supplement_fast,46.0
developmental,staged,0,1750,blimp_fast,55.1
developmental,staged,0,1750,entity_tracking_fast,15.09
developmental,staged,0,1750,ewok_fast,50.0
developmental,staged,0,1750,supplement_fast,55.6
developmental,staged,0,2000,blimp_fast,55.26
developmental,staged,0,2000,entity_tracking_fast,14.32
developmental,staged,0,2000,ewok_fast,50.91
developmental,staged,0,2000,supplement_fast,49.6
developmental,staged,0,2250,blimp_fast,53.12
developmental,staged,0,2250,entity_tracking_fast,40.84
developmental,staged,0,2250,ewok_fast,52.73
developmental,staged,0,2250,supplement_fast,50.0
developmental,staged,0,2500,blimp_fast,52.72
developmental,staged,0,2500,entity_tracking_fast,43.48
developmental,staged,0,2500,ewok_fast,49.0
developmental,staged,0,2500,supplement_fast,45.6
developmental,staged,0,2750,blimp_fast,51.21
developmental,staged,0,2750,entity_tracking_fast,43.25
developmental,staged,0,2750,ewok_fast,49.36
developmental,staged,0,2750,supplement_fast,52.4
developmental,staged,0,3000,blimp_fast,53.87
developmental,staged,0,3000,entity_tracking_fast,40.65
developmental,staged,0,3000,ewok_fast,50.64
developmental,staged,0,3000,supplement_fast,51.2
developmental,staged,0,3250,blimp_fast,52.72
developmental,staged,0,3250,entity_tracking_fast,43.77
developmental,staged,0,3250,ewok_fast,50.82
developmental,staged,0,3250,supplement_fast,46.4
developmental,staged,0,3500,blimp_fast,53.61
developmental,staged,0,3500,entity_tracking_fast,43.69
developmental,staged,0,3500,ewok_fast,50.91
developmental,staged,0,3500,supplement_fast,48.8
developmental,staged,0,3750,blimp_fast,50.75
developmental,staged,0,3750,entity_tracking_fast,41.02
developmental,staged,0,3750,ewok_fast,51.36
developmental,staged,0,3750,supplement_fast,43.2
developmental,staged,0,4000,blimp_fast,52.25
developmental,staged,0,4000,entity_tracking_fast,42.32
developmental,staged,0,4000,ewok_fast,49.82
developmental,staged,0,4000,supplement_fast,46.8
developmental,staged,0,4250,blimp_fast,52.46
developmental,staged,0,4250,entity_tracking_fast,42.25
developmental,staged,0,4250,ewok_fast,50.0
developmental,staged,0,4250,supplement_fast,52.4
developmental,staged,0,4500,blimp_fast,51.04
developmental,staged,0,4500,entity_tracking_fast,41.83
developmental,staged,0,4500,ewok_fast,47.36
developmental,staged,0,4500,supplement_fast,50.8
developmental,staged,0,4750,blimp_fast,51.81
developmental,staged,0,4750,entity_tracking_fast,42.04
developmental,staged,0,4750,ewok_fast,50.18
developmental,staged,0,4750,supplement_fast,52.4
developmental,staged,0,5000,blimp_fast,51.67
developmental,staged,0,5000,entity_tracking_fast,42.24
developmental,staged,0,5000,ewok_fast,51.0
developmental,staged,0,5000,supplement_fast,52.4
developmental,staged,0,5250,blimp_fast,50.95
developmental,staged,0,5250,entity_tracking_fast,42.47
developmental,staged,0,5250,ewok_fast,49.82
developmental,staged,0,5250,supplement_fast,49.6
developmental,staged,1,0,blimp_fast,50.01
developmental,staged,1,0,entity_tracking_fast,42.74
developmental,staged,1,0,ewok_fast,50.82
developmental,staged,1,0,supplement_fast,47.2
developmental,staged,1,250,blimp_fast,52.95
developmental,staged,1,250,entity_tracking_fast,43.09
developmental,staged,1,250,ewok_fast,48.55
developmental,staged,1,250,supplement_fast,45.6
developmental,staged,1,500,blimp_fast,53.08
developmental,staged,1,500,entity_tracking_fast,43.47
developmental,staged,1,500,ewok_fast,50.36
developmental,staged,1,500,supplement_fast,49.6
developmental,staged,1,750,blimp_fast,54.7
developmental,staged,1,750,entity_tracking_fast,41.31
developmental,staged,1,750,ewok_fast,50.64
developmental,staged,1,750,supplement_fast,50.0
developmental,staged,1,1000,blimp_fast,51.04
developmental,staged,1,1000,entity_tracking_fast,29.49
developmental,staged,1,1000,ewok_fast,50.36
developmental,staged,1,1000,supplement_fast,49.6
developmental,staged,1,1250,blimp_fast,51.8
developmental,staged,1,1250,entity_tracking_fast,34.45
developmental,staged,1,1250,ewok_fast,51.27
developmental,staged,1,1250,supplement_fast,49.2
developmental,staged,1,1500,blimp_fast,53.6
developmental,staged,1,1500,entity_tracking_fast,27.29
developmental,staged,1,1500,ewok_fast,48.45
developmental,staged,1,1500,supplement_fast,50.8
developmental,staged,1,1750,blimp_fast,54.18
developmental,staged,1,1750,entity_tracking_fast,16.0
developmental,staged,1,1750,ewok_fast,49.09
developmental,staged,1,1750,supplement_fast,47.2
developmental,staged,1,2000,blimp_fast,52.03
developmental,staged,1,2000,entity_tracking_fast,15.28
developmental,staged,1,2000,ewok_fast,51.55
developmental,staged,1,2000,supplement_fast,47.2
developmental,staged,1,2250,blimp_fast,53.07
developmental,staged,1,2250,entity_tracking_fast,13.62
developmental,staged,1,2250,ewok_fast,49.73
developmental,staged,1,2250,supplement_fast,47.2
developmental,staged,1,2500,blimp_fast,52.14
developmental,staged,1,2500,entity_tracking_fast,14.55
developmental,staged,1,2500,ewok_fast,50.45
developmental,staged,1,2500,supplement_fast,46.8
developmental,staged,1,2750,blimp_fast,52.35
developmental,staged,1,2750,entity_tracking_fast,13.45
developmental,staged,1,2750,ewok_fast,49.64
developmental,staged,1,2750,supplement_fast,49.2
developmental,staged,1,3000,blimp_fast,51.61
developmental,staged,1,3000,entity_tracking_fast,14.97
developmental,staged,1,3000,ewok_fast,51.18
developmental,staged,1,3000,supplement_fast,47.6
developmental,staged,1,3250,blimp_fast,52.07
developmental,staged,1,3250,entity_tracking_fast,27.84
developmental,staged,1,3250,ewok_fast,49.18
developmental,staged,1,3250,supplement_fast,48.0
developmental,staged,1,3500,blimp_fast,51.3
developmental,staged,1,3500,entity_tracking_fast,22.51
developmental,staged,1,3500,ewok_fast,51.36
developmental,staged,1,3500,supplement_fast,45.2
developmental,staged,1,3750,blimp_fast,51.41
developmental,staged,1,3750,entity_tracking_fast,26.36
developmental,staged,1,3750,ewok_fast,48.73
developmental,staged,1,3750,supplement_fast,44.4
developmental,staged,1,4000,blimp_fast,51.04
developmental,staged,1,4000,entity_tracking_fast,16.8
developmental,staged,1,4000,ewok_fast,49.36
developmental,staged,1,4000,supplement_fast,46.8
developmental,staged,1,4250,blimp_fast,52.27
developmental,staged,1,4250,entity_tracking_fast,13.86
developmental,staged,1,4250,ewok_fast,49.45
developmental,staged,1,4250,supplement_fast,48.0
developmental,staged,1,4500,blimp_fast,53.72
developmental,staged,1,4500,entity_tracking_fast,15.06
developmental,staged,1,4500,ewok_fast,49.27
developmental,staged,1,4500,supplement_fast,48.4
developmental,staged,1,4750,blimp_fast,52.34
developmental,staged,1,4750,entity_tracking_fast,18.5
developmental,staged,1,4750,ewok_fast,51.45
developmental,staged,1,4750,supplement_fast,46.0
developmental,staged,1,5000,blimp_fast,51.87
developmental,staged,1,5000,entity_tracking_fast,13.45
developmental,staged,1,5000,ewok_fast,52.36
developmental,staged,1,5000,supplement_fast,48.0
developmental,staged,1,5250,blimp_fast,51.87
developmental,staged,1,5250,entity_tracking_fast,16.63
developmental,staged,1,5250,ewok_fast,50.45
developmental,staged,1,5250,supplement_fast,46.0
developmental,staged,2,0,blimp_fast,50.71
developmental,staged,2,0,entity_tracking_fast,42.09
developmental,staged,2,0,ewok_fast,51.55
developmental,staged,2,0,supplement_fast,49.2
developmental,staged,2,250,blimp_fast,53.89
developmental,staged,2,250,entity_tracking_fast,41.66
developmental,staged,2,250,ewok_fast,50.91
developmental,staged,2,250,supplement_fast,50.0
developmental,staged,2,500,blimp_fast,52.35
developmental,staged,2,500,entity_tracking_fast,43.05
developmental,staged,2,500,ewok_fast,51.55
developmental,staged,2,500,supplement_fast,48.0
developmental,staged,2,750,blimp_fast,54.8
developmental,staged,2,750,entity_tracking_fast,36.35
developmental,staged,2,750,ewok_fast,48.18
developmental,staged,2,750,supplement_fast,46.4
developmental,staged,2,1000,blimp_fast,51.87
developmental,staged,2,1000,entity_tracking_fast,12.37
developmental,staged,2,1000,ewok_fast,50.55
developmental,staged,2,1000,supplement_fast,47.2
developmental,staged,2,1250,blimp_fast,54.18
developmental,staged,2,1250,entity_tracking_fast,35.71
developmental,staged,2,1250,ewok_fast,47.91
developmental,staged,2,1250,supplement_fast,47.2
developmental,staged,2,1500,blimp_fast,54.04
developmental,staged,2,1500,entity_tracking_fast,15.11
developmental,staged,2,1500,ewok_fast,52.18
developmental,staged,2,1500,supplement_fast,50.8
developmental,staged,2,1750,blimp_fast,51.43
developmental,staged,2,1750,entity_tracking_fast,14.0
developmental,staged,2,1750,ewok_fast,49.09
developmental,staged,2,1750,supplement_fast,43.2
developmental,staged,2,2000,blimp_fast,52.68
developmental,staged,2,2000,entity_tracking_fast,15.25
developmental,staged,2,2000,ewok_fast,49.09
developmental,staged,2,2000,supplement_fast,47.2
developmental,staged,2,2250,blimp_fast,52.53
developmental,staged,2,2250,entity_tracking_fast,15.05
developmental,staged,2,2250,ewok_fast,52.36
developmental,staged,2,2250,supplement_fast,50.4
developmental,staged,2,2500,blimp_fast,52.78
developmental,staged,2,2500,entity_tracking_fast,17.17
developmental,staged,2,2500,ewok_fast,46.91
developmental,staged,2,2500,supplement_fast,48.0
developmental,staged,2,2750,blimp_fast,52.32
developmental,staged,2,2750,entity_tracking_fast,15.73
developmental,staged,2,2750,ewok_fast,47.18
developmental,staged,2,2750,supplement_fast,48.8
developmental,staged,2,3000,blimp_fast,51.69
developmental,staged,2,3000,entity_tracking_fast,19.83
developmental,staged,2,3000,ewok_fast,48.55
developmental,staged,2,3000,supplement_fast,48.0
developmental,staged,2,3250,blimp_fast,54.86
developmental,staged,2,3250,entity_tracking_fast,15.26
developmental,staged,2,3250,ewok_fast,47.91
developmental,staged,2,3250,supplement_fast,50.0
developmental,staged,2,3500,blimp_fast,52.51
developmental,staged,2,3500,entity_tracking_fast,17.71
developmental,staged,2,3500,ewok_fast,49.55
developmental,staged,2,3500,supplement_fast,50.4
developmental,staged,2,3750,blimp_fast,52.37
developmental,staged,2,3750,entity_tracking_fast,13.99
developmental,staged,2,3750,ewok_fast,46.45
developmental,staged,2,3750,supplement_fast,49.2
developmental,staged,2,4000,blimp_fast,52.16
developmental,staged,2,4000,entity_tracking_fast,14.25
developmental,staged,2,4000,ewok_fast,47.36
developmental,staged,2,4000,supplement_fast,48.8
developmental,staged,2,4250,blimp_fast,53.73
developmental,staged,2,4250,entity_tracking_fast,14.27
developmental,staged,2,4250,ewok_fast,47.09
developmental,staged,2,4250,supplement_fast,46.4
developmental,staged,2,4500,blimp_fast,52.92
developmental,staged,2,4500,entity_tracking_fast,14.98
developmental,staged,2,4500,ewok_fast,49.45
developmental,staged,2,4500,supplement_fast,48.4
developmental,staged,2,4750,blimp_fast,52.21
developmental,staged,2,4750,entity_tracking_fast,14.56
developmental,staged,2,4750,ewok_fast,49.82
developmental,staged,2,4750,supplement_fast,48.4
developmental,staged,2,5000,blimp_fast,51.6
developmental,staged,2,5000,entity_tracking_fast,14.31
developmental,staged,2,5000,ewok_fast,47.82
developmental,staged,2,5000,supplement_fast,50.0
developmental,staged,2,5250,blimp_fast,52.12
developmental,staged,2,5250,entity_tracking_fast,13.72
developmental,staged,2,5250,ewok_fast,47.91
developmental,staged,2,5250,supplement_fast,49.2
perplexity,competence,0,0,blimp_fast,49.9
perplexity,competence,0,0,entity_tracking_fast,42.56
perplexity,competence,0,0,ewok_fast,49.36
perplexity,competence,0,0,supplement_fast,49.2
perplexity,competence,0,250,blimp_fast,54.21
perplexity,competence,0,250,entity_tracking_fast,42.53
perplexity,competence,0,250,ewok_fast,48.73
perplexity,competence,0,250,supplement_fast,43.2
perplexity,competence,0,500,blimp_fast,50.41
perplexity,competence,0,500,entity_tracking_fast,27.92
perplexity,competence,0,500,ewok_fast,49.45
perplexity,competence,0,500,supplement_fast,50.4
perplexity,competence,0,750,blimp_fast,54.93
perplexity,competence,0,750,entity_tracking_fast,36.88
perplexity,competence,0,750,ewok_fast,49.0
perplexity,competence,0,750,supplement_fast,46.8
perplexity,competence,0,1000,blimp_fast,54.16
perplexity,competence,0,1000,entity_tracking_fast,34.43
perplexity,competence,0,1000,ewok_fast,49.91
perplexity,competence,0,1000,supplement_fast,47.2
perplexity,competence,0,1250,blimp_fast,53.45
perplexity,competence,0,1250,entity_tracking_fast,15.21
perplexity,competence,0,1250,ewok_fast,50.09
perplexity,competence,0,1250,supplement_fast,49.2
perplexity,competence,0,1500,blimp_fast,54.1
perplexity,competence,0,1500,entity_tracking_fast,38.2
perplexity,competence,0,1500,ewok_fast,50.36
perplexity,competence,0,1500,supplement_fast,52.4
perplexity,competence,0,1750,blimp_fast,54.46
perplexity,competence,0,1750,entity_tracking_fast,24.8
perplexity,competence,0,1750,ewok_fast,49.45
perplexity,competence,0,1750,supplement_fast,53.2
perplexity,competence,0,2000,blimp_fast,53.55
perplexity,competence,0,2000,entity_tracking_fast,37.98
perplexity,competence,0,2000,ewok_fast,48.91
perplexity,competence,0,2000,supplement_fast,44.4
perplexity,competence,0,2250,blimp_fast,54.77
perplexity,competence,0,2250,entity_tracking_fast,31.64
perplexity,competence,0,2250,ewok_fast,48.18
perplexity,competence,0,2250,supplement_fast,46.8
perplexity,competence,0,2500,blimp_fast,53.81
perplexity,competence,0,2500,entity_tracking_fast,42.07
perplexity,competence,0,2500,ewok_fast,48.91
perplexity,competence,0,2500,supplement_fast,47.2
perplexity,competence,0,2750,blimp_fast,54.44
perplexity,competence,0,2750,entity_tracking_fast,32.61
perplexity,competence,0,2750,ewok_fast,50.91
perplexity,competence,0,2750,supplement_fast,48.8
perplexity,competence,0,3000,blimp_fast,54.66
perplexity,competence,0,3000,entity_tracking_fast,38.02
perplexity,competence,0,3000,ewok_fast,49.64
perplexity,competence,0,3000,supplement_fast,40.4
perplexity,competence,0,3250,blimp_fast,54.53
perplexity,competence,0,3250,entity_tracking_fast,34.84
perplexity,competence,0,3250,ewok_fast,52.27
perplexity,competence,0,3250,supplement_fast,44.0
perplexity,competence,0,3500,blimp_fast,54.43
perplexity,competence,0,3500,entity_tracking_fast,33.51
perplexity,competence,0,3500,ewok_fast,52.18
perplexity,competence,0,3500,supplement_fast,43.6
perplexity,competence,0,3750,blimp_fast,54.93
perplexity,competence,0,3750,entity_tracking_fast,35.41
perplexity,competence,0,3750,ewok_fast,52.91
perplexity,competence,0,3750,supplement_fast,45.6
perplexity,competence,0,4000,blimp_fast,54.66
perplexity,competence,0,4000,entity_tracking_fast,36.14
perplexity,competence,0,4000,ewok_fast,51.09
perplexity,competence,0,4000,supplement_fast,46.8
perplexity,competence,0,4250,blimp_fast,54.12
perplexity,competence,0,4250,entity_tracking_fast,39.05
perplexity,competence,0,4250,ewok_fast,51.91
perplexity,competence,0,4250,supplement_fast,44.4
perplexity,competence,0,4500,blimp_fast,54.5
perplexity,competence,0,4500,entity_tracking_fast,28.8
perplexity,competence,0,4500,ewok_fast,50.27
perplexity,competence,0,4500,supplement_fast,47.6
perplexity,competence,0,4750,blimp_fast,54.84
perplexity,competence,0,4750,entity_tracking_fast,26.68
perplexity,competence,0,4750,ewok_fast,51.09
perplexity,competence,0,4750,supplement_fast,49.2
perplexity,competence,0,5000,blimp_fast,54.83
perplexity,competence,0,5000,entity_tracking_fast,27.25
perplexity,competence,0,5000,ewok_fast,50.73
perplexity,competence,0,5000,supplement_fast,45.2
perplexity,competence,0,5250,blimp_fast,54.59
perplexity,competence,0,5250,entity_tracking_fast,27.87
perplexity,competence,0,5250,ewok_fast,51.18
perplexity,competence,0,5250,supplement_fast,48.4
perplexity,competence,0,5500,blimp_fast,54.49
perplexity,competence,0,5500,entity_tracking_fast,29.79
perplexity,competence,0,5500,ewok_fast,51.55
perplexity,competence,0,5500,supplement_fast,44.8
perplexity,competence,0,5750,blimp_fast,54.47
perplexity,competence,0,5750,entity_tracking_fast,33.59
perplexity,competence,0,5750,ewok_fast,49.91
perplexity,competence,0,5750,supplement_fast,44.4
perplexity,competence,0,6000,blimp_fast,54.97
perplexity,competence,0,6000,entity_tracking_fast,32.05
perplexity,competence,0,6000,ewok_fast,51.82
perplexity,competence,0,6000,supplement_fast,44.4
perplexity,competence,1,0,blimp_fast,50.04
perplexity,competence,1,0,entity_tracking_fast,42.76
perplexity,competence,1,0,ewok_fast,50.91
perplexity,competence,1,0,supplement_fast,47.2
perplexity,competence,1,250,blimp_fast,52.37
perplexity,competence,1,250,entity_tracking_fast,43.5
perplexity,competence,1,250,ewok_fast,49.09
perplexity,competence,1,250,supplement_fast,50.0
perplexity,competence,1,500,blimp_fast,54.32
perplexity,competence,1,500,entity_tracking_fast,19.26
perplexity,competence,1,500,ewok_fast,52.82
perplexity,competence,1,500,supplement_fast,42.4
perplexity,competence,1,750,blimp_fast,55.18
perplexity,competence,1,750,entity_tracking_fast,26.74
perplexity,competence,1,750,ewok_fast,49.0
perplexity,competence,1,750,supplement_fast,47.6
perplexity,competence,1,1000,blimp_fast,54.43
perplexity,competence,1,1000,entity_tracking_fast,14.96
perplexity,competence,1,1000,ewok_fast,50.45
perplexity,competence,1,1000,supplement_fast,47.2
perplexity,competence,1,1250,blimp_fast,55.18
perplexity,competence,1,1250,entity_tracking_fast,15.22
perplexity,competence,1,1250,ewok_fast,49.82
perplexity,competence,1,1250,supplement_fast,48.8
perplexity,competence,1,1500,blimp_fast,53.57
perplexity,competence,1,1500,entity_tracking_fast,35.17
perplexity,competence,1,1500,ewok_fast,48.18
perplexity,competence,1,1500,supplement_fast,44.4
perplexity,competence,1,1750,blimp_fast,52.56
perplexity,competence,1,1750,entity_tracking_fast,19.17
perplexity,competence,1,1750,ewok_fast,49.55
perplexity,competence,1,1750,supplement_fast,41.2
perplexity,competence,1,2000,blimp_fast,51.8
perplexity,competence,1,2000,entity_tracking_fast,18.29
perplexity,competence,1,2000,ewok_fast,51.18
perplexity,competence,1,2000,supplement_fast,43.6
perplexity,competence,1,2250,blimp_fast,50.7
perplexity,competence,1,2250,entity_tracking_fast,39.21
perplexity,competence,1,2250,ewok_fast,48.55
perplexity,competence,1,2250,supplement_fast,44.8
perplexity,competence,1,2500,blimp_fast,53.95
perplexity,competence,1,2500,entity_tracking_fast,24.8
perplexity,competence,1,2500,ewok_fast,48.73
perplexity,competence,1,2500,supplement_fast,46.0
perplexity,competence,1,2750,blimp_fast,53.44
perplexity,competence,1,2750,entity_tracking_fast,16.99
perplexity,competence,1,2750,ewok_fast,50.64
perplexity,competence,1,2750,supplement_fast,40.0
perplexity,competence,1,3000,blimp_fast,54.69
perplexity,competence,1,3000,entity_tracking_fast,25.42
perplexity,competence,1,3000,ewok_fast,51.27
perplexity,competence,1,3000,supplement_fast,49.2
perplexity,competence,1,3250,blimp_fast,54.09
perplexity,competence,1,3250,entity_tracking_fast,22.1
perplexity,competence,1,3250,ewok_fast,52.27
perplexity,competence,1,3250,supplement_fast,46.4
perplexity,competence,1,3500,blimp_fast,54.66
perplexity,competence,1,3500,entity_tracking_fast,19.16
perplexity,competence,1,3500,ewok_fast,51.45
perplexity,competence,1,3500,supplement_fast,49.6
perplexity,competence,1,3750,blimp_fast,54.5
perplexity,competence,1,3750,entity_tracking_fast,16.52
perplexity,competence,1,3750,ewok_fast,51.55
perplexity,competence,1,3750,supplement_fast,48.4
perplexity,competence,1,4000,blimp_fast,53.51
perplexity,competence,1,4000,entity_tracking_fast,21.43
perplexity,competence,1,4000,ewok_fast,51.36
perplexity,competence,1,4000,supplement_fast,47.2
perplexity,competence,1,4250,blimp_fast,53.89
perplexity,competence,1,4250,entity_tracking_fast,30.18
perplexity,competence,1,4250,ewok_fast,53.55
perplexity,competence,1,4250,supplement_fast,46.4
perplexity,competence,1,4500,blimp_fast,54.47
perplexity,competence,1,4500,entity_tracking_fast,23.61
perplexity,competence,1,4500,ewok_fast,52.91
perplexity,competence,1,4500,supplement_fast,47.6
perplexity,competence,1,4750,blimp_fast,54.15
perplexity,competence,1,4750,entity_tracking_fast,21.23
perplexity,competence,1,4750,ewok_fast,51.82
perplexity,competence,1,4750,supplement_fast,51.2
perplexity,competence,1,5000,blimp_fast,54.17
perplexity,competence,1,5000,entity_tracking_fast,27.07
perplexity,competence,1,5000,ewok_fast,52.0
perplexity,competence,1,5000,supplement_fast,48.4
perplexity,competence,1,5250,blimp_fast,53.18
perplexity,competence,1,5250,entity_tracking_fast,25.77
perplexity,competence,1,5250,ewok_fast,51.18
perplexity,competence,1,5250,supplement_fast,50.4
perplexity,competence,1,5500,blimp_fast,53.61
perplexity,competence,1,5500,entity_tracking_fast,26.96
perplexity,competence,1,5500,ewok_fast,50.18
perplexity,competence,1,5500,supplement_fast,50.8
perplexity,competence,1,5750,blimp_fast,53.54
perplexity,competence,1,5750,entity_tracking_fast,26.75
perplexity,competence,1,5750,ewok_fast,49.18
perplexity,competence,1,5750,supplement_fast,49.6
perplexity,competence,1,6000,blimp_fast,53.65
perplexity,competence,1,6000,entity_tracking_fast,28.66
perplexity,competence,1,6000,ewok_fast,52.27
perplexity,competence,1,6000,supplement_fast,50.0
perplexity,competence,2,0,blimp_fast,50.72
perplexity,competence,2,0,entity_tracking_fast,42.06
perplexity,competence,2,0,ewok_fast,51.64
perplexity,competence,2,0,supplement_fast,49.2
perplexity,competence,2,250,blimp_fast,54.54
perplexity,competence,2,250,entity_tracking_fast,19.64
perplexity,competence,2,250,ewok_fast,49.55
perplexity,competence,2,250,supplement_fast,57.2
perplexity,competence,2,500,blimp_fast,56.86
perplexity,competence,2,500,entity_tracking_fast,39.78
perplexity,competence,2,500,ewok_fast,50.18
perplexity,competence,2,500,supplement_fast,51.2
perplexity,competence,2,750,blimp_fast,50.87
perplexity,competence,2,750,entity_tracking_fast,43.64
perplexity,competence,2,750,ewok_fast,48.36
perplexity,competence,2,750,supplement_fast,52.4
perplexity,competence,2,1000,blimp_fast,51.4
perplexity,competence,2,1000,entity_tracking_fast,34.5
perplexity,competence,2,1000,ewok_fast,49.82
perplexity,competence,2,1000,supplement_fast,48.0
perplexity,competence,2,1250,blimp_fast,51.91
perplexity,competence,2,1250,entity_tracking_fast,42.52
perplexity,competence,2,1250,ewok_fast,50.91
perplexity,competence,2,1250,supplement_fast,44.0
perplexity,competence,2,1500,blimp_fast,53.42
perplexity,competence,2,1500,entity_tracking_fast,38.35
perplexity,competence,2,1500,ewok_fast,52.55
perplexity,competence,2,1500,supplement_fast,46.0
perplexity,competence,2,1750,blimp_fast,53.78
perplexity,competence,2,1750,entity_tracking_fast,37.4
perplexity,competence,2,1750,ewok_fast,48.73
perplexity,competence,2,1750,supplement_fast,44.8
perplexity,competence,2,2000,blimp_fast,53.72
perplexity,competence,2,2000,entity_tracking_fast,40.61
perplexity,competence,2,2000,ewok_fast,51.09
perplexity,competence,2,2000,supplement_fast,45.6
perplexity,competence,2,2250,blimp_fast,55.16
perplexity,competence,2,2250,entity_tracking_fast,35.98
perplexity,competence,2,2250,ewok_fast,49.82
perplexity,competence,2,2250,supplement_fast,46.0
perplexity,competence,2,2500,blimp_fast,55.36
perplexity,competence,2,2500,entity_tracking_fast,26.91
perplexity,competence,2,2500,ewok_fast,48.09
perplexity,competence,2,2500,supplement_fast,46.4
perplexity,competence,2,2750,blimp_fast,54.31
perplexity,competence,2,2750,entity_tracking_fast,27.02
perplexity,competence,2,2750,ewok_fast,50.82
perplexity,competence,2,2750,supplement_fast,44.4
perplexity,competence,2,3000,blimp_fast,54.56
perplexity,competence,2,3000,entity_tracking_fast,32.94
perplexity,competence,2,3000,ewok_fast,51.09
perplexity,competence,2,3000,supplement_fast,46.8
perplexity,competence,2,3250,blimp_fast,52.74
perplexity,competence,2,3250,entity_tracking_fast,19.31
perplexity,competence,2,3250,ewok_fast,49.45
perplexity,competence,2,3250,supplement_fast,47.2
perplexity,competence,2,3500,blimp_fast,53.25
perplexity,competence,2,3500,entity_tracking_fast,15.28
perplexity,competence,2,3500,ewok_fast,48.45
perplexity,competence,2,3500,supplement_fast,50.8
perplexity,competence,2,3750,blimp_fast,52.9
perplexity,competence,2,3750,entity_tracking_fast,18.97
perplexity,competence,2,3750,ewok_fast,49.82
perplexity,competence,2,3750,supplement_fast,46.4
perplexity,competence,2,4000,blimp_fast,52.46
perplexity,competence,2,4000,entity_tracking_fast,28.22
perplexity,competence,2,4000,ewok_fast,49.27
perplexity,competence,2,4000,supplement_fast,49.2
perplexity,competence,2,4250,blimp_fast,52.25
perplexity,competence,2,4250,entity_tracking_fast,19.05
perplexity,competence,2,4250,ewok_fast,50.18
perplexity,competence,2,4250,supplement_fast,47.2
perplexity,competence,2,4500,blimp_fast,51.87
perplexity,competence,2,4500,entity_tracking_fast,19.76
perplexity,competence,2,4500,ewok_fast,50.09
perplexity,competence,2,4500,supplement_fast,50.8
perplexity,competence,2,4750,blimp_fast,51.57
perplexity,competence,2,4750,entity_tracking_fast,21.12
perplexity,competence,2,4750,ewok_fast,48.73
perplexity,competence,2,4750,supplement_fast,50.0
perplexity,competence,2,5000,blimp_fast,52.01
perplexity,competence,2,5000,entity_tracking_fast,15.72
perplexity,competence,2,5000,ewok_fast,48.91
perplexity,competence,2,5000,supplement_fast,52.4
perplexity,competence,2,5250,blimp_fast,52.04
perplexity,competence,2,5250,entity_tracking_fast,22.71
perplexity,competence,2,5250,ewok_fast,50.64
perplexity,competence,2,5250,supplement_fast,51.6
perplexity,competence,2,5500,blimp_fast,52.16
perplexity,competence,2,5500,entity_tracking_fast,21.83
perplexity,competence,2,5500,ewok_fast,49.82
perplexity,competence,2,5500,supplement_fast,50.4
perplexity,competence,2,5750,blimp_fast,52.49
perplexity,competence,2,5750,entity_tracking_fast,24.13
perplexity,competence,2,5750,ewok_fast,49.82
perplexity,competence,2,5750,supplement_fast,49.2
perplexity,competence,2,6000,blimp_fast,52.37
perplexity,competence,2,6000,entity_tracking_fast,32.33
perplexity,competence,2,6000,ewok_fast,49.27
perplexity,competence,2,6000,supplement_fast,51.2
perplexity,staged,0,0,blimp_fast,49.92
perplexity,staged,0,0,entity_tracking_fast,42.54
perplexity,staged,0,0,ewok_fast,49.36
perplexity,staged,0,0,supplement_fast,49.2
perplexity,staged,0,250,blimp_fast,55.09
perplexity,staged,0,250,entity_tracking_fast,38.75
perplexity,staged,0,250,ewok_fast,50.0
perplexity,staged,0,250,supplement_fast,48.8
perplexity,staged,0,500,blimp_fast,55.16
perplexity,staged,0,500,entity_tracking_fast,39.69
perplexity,staged,0,500,ewok_fast,50.0
perplexity,staged,0,500,supplement_fast,51.2
perplexity,staged,0,750,blimp_fast,54.6
perplexity,staged,0,750,entity_tracking_fast,40.02
perplexity,staged,0,750,ewok_fast,52.18
perplexity,staged,0,750,supplement_fast,45.6
perplexity,staged,0,1000,blimp_fast,53.75
perplexity,staged,0,1000,entity_tracking_fast,39.66
perplexity,staged,0,1000,ewok_fast,48.09
perplexity,staged,0,1000,supplement_fast,49.6
perplexity,staged,0,1250,blimp_fast,54.99
perplexity,staged,0,1250,entity_tracking_fast,21.15
perplexity,staged,0,1250,ewok_fast,50.45
perplexity,staged,0,1250,supplement_fast,50.4
perplexity,staged,0,1500,blimp_fast,54.29
perplexity,staged,0,1500,entity_tracking_fast,16.09
perplexity,staged,0,1500,ewok_fast,51.55
perplexity,staged,0,1500,supplement_fast,48.4
perplexity,staged,0,1750,blimp_fast,54.09
perplexity,staged,0,1750,entity_tracking_fast,25.56
perplexity,staged,0,1750,ewok_fast,52.18
perplexity,staged,0,1750,supplement_fast,48.4
perplexity,staged,0,2000,blimp_fast,54.11
perplexity,staged,0,2000,entity_tracking_fast,17.72
perplexity,staged,0,2000,ewok_fast,49.91
perplexity,staged,0,2000,supplement_fast,50.0
perplexity,staged,0,2250,blimp_fast,52.45
perplexity,staged,0,2250,entity_tracking_fast,21.94
perplexity,staged,0,2250,ewok_fast,50.18
perplexity,staged,0,2250,supplement_fast,54.0
perplexity,staged,0,2500,blimp_fast,55.75
perplexity,staged,0,2500,entity_tracking_fast,16.86
perplexity,staged,0,2500,ewok_fast,49.73
perplexity,staged,0,2500,supplement_fast,48.8
perplexity,staged,0,2750,blimp_fast,55.44
perplexity,staged,0,2750,entity_tracking_fast,16.05
perplexity,staged,0,2750,ewok_fast,50.55
perplexity,staged,0,2750,supplement_fast,47.2
perplexity,staged,0,3000,blimp_fast,53.96
perplexity,staged,0,3000,entity_tracking_fast,13.44
perplexity,staged,0,3000,ewok_fast,49.55
perplexity,staged,0,3000,supplement_fast,44.8
perplexity,staged,0,3250,blimp_fast,54.75
perplexity,staged,0,3250,entity_tracking_fast,21.81
perplexity,staged,0,3250,ewok_fast,49.55
perplexity,staged,0,3250,supplement_fast,47.6
perplexity,staged,0,3500,blimp_fast,54.4
perplexity,staged,0,3500,entity_tracking_fast,19.43
perplexity,staged,0,3500,ewok_fast,50.36
perplexity,staged,0,3500,supplement_fast,49.6
perplexity,staged,0,3750,blimp_fast,54.22
perplexity,staged,0,3750,entity_tracking_fast,23.63
perplexity,staged,0,3750,ewok_fast,51.45
perplexity,staged,0,3750,supplement_fast,51.2
perplexity,staged,0,4000,blimp_fast,54.42
perplexity,staged,0,4000,entity_tracking_fast,24.42
perplexity,staged,0,4000,ewok_fast,50.73
perplexity,staged,0,4000,supplement_fast,52.4
perplexity,staged,0,4250,blimp_fast,53.26
perplexity,staged,0,4250,entity_tracking_fast,22.37
perplexity,staged,0,4250,ewok_fast,49.73
perplexity,staged,0,4250,supplement_fast,48.0
perplexity,staged,0,4500,blimp_fast,54.04
perplexity,staged,0,4500,entity_tracking_fast,15.56
perplexity,staged,0,4500,ewok_fast,51.09
perplexity,staged,0,4500,supplement_fast,49.2
perplexity,staged,0,4750,blimp_fast,53.73
perplexity,staged,0,4750,entity_tracking_fast,15.32
perplexity,staged,0,4750,ewok_fast,50.64
perplexity,staged,0,4750,supplement_fast,47.6
perplexity,staged,0,5000,blimp_fast,53.41
perplexity,staged,0,5000,entity_tracking_fast,17.08
perplexity,staged,0,5000,ewok_fast,52.64
perplexity,staged,0,5000,supplement_fast,48.0
perplexity,staged,0,5250,blimp_fast,53.43
perplexity,staged,0,5250,entity_tracking_fast,17.99
perplexity,staged,0,5250,ewok_fast,53.27
perplexity,staged,0,5250,supplement_fast,50.8
perplexity,staged,1,0,blimp_fast,50.05
perplexity,staged,1,0,entity_tracking_fast,42.74
perplexity,staged,1,0,ewok_fast,50.91
perplexity,staged,1,0,supplement_fast,47.2
perplexity,staged,1,250,blimp_fast,52.87
perplexity,staged,1,250,entity_tracking_fast,11.16
perplexity,staged,1,250,ewok_fast,49.09
perplexity,staged,1,250,supplement_fast,50.0
perplexity,staged,1,500,blimp_fast,55.29
perplexity,staged,1,500,entity_tracking_fast,17.76
perplexity,staged,1,500,ewok_fast,49.82
perplexity,staged,1,500,supplement_fast,44.8
perplexity,staged,1,750,blimp_fast,52.22
perplexity,staged,1,750,entity_tracking_fast,27.09
perplexity,staged,1,750,ewok_fast,50.45
perplexity,staged,1,750,supplement_fast,46.8
perplexity,staged,1,1000,blimp_fast,56.48
perplexity,staged,1,1000,entity_tracking_fast,40.75
perplexity,staged,1,1000,ewok_fast,50.36
perplexity,staged,1,1000,supplement_fast,47.2
perplexity,staged,1,1250,blimp_fast,55.57
perplexity,staged,1,1250,entity_tracking_fast,35.88
perplexity,staged,1,1250,ewok_fast,52.91
perplexity,staged,1,1250,supplement_fast,42.8
perplexity,staged,1,1500,blimp_fast,55.01
perplexity,staged,1,1500,entity_tracking_fast,32.73
perplexity,staged,1,1500,ewok_fast,50.09
perplexity,staged,1,1500,supplement_fast,48.0
perplexity,staged,1,1750,blimp_fast,54.02
perplexity,staged,1,1750,entity_tracking_fast,27.02
perplexity,staged,1,1750,ewok_fast,50.55
perplexity,staged,1,1750,supplement_fast,44.4
perplexity,staged,1,2000,blimp_fast,56.02
perplexity,staged,1,2000,entity_tracking_fast,42.4
perplexity,staged,1,2000,ewok_fast,50.0
perplexity,staged,1,2000,supplement_fast,46.4
perplexity,staged,1,2250,blimp_fast,55.63
perplexity,staged,1,2250,entity_tracking_fast,39.93
perplexity,staged,1,2250,ewok_fast,52.18
perplexity,staged,1,2250,supplement_fast,45.6
perplexity,staged,1,2500,blimp_fast,55.79
perplexity,staged,1,2500,entity_tracking_fast,35.92
perplexity,staged,1,2500,ewok_fast,51.09
perplexity,staged,1,2500,supplement_fast,48.0
perplexity,staged,1,2750,blimp_fast,54.78
perplexity,staged,1,2750,entity_tracking_fast,24.72
perplexity,staged,1,2750,ewok_fast,51.45
perplexity,staged,1,2750,supplement_fast,48.4
perplexity,staged,1,3000,blimp_fast,54.34
perplexity,staged,1,3000,entity_tracking_fast,43.3
perplexity,staged,1,3000,ewok_fast,48.18
perplexity,staged,1,3000,supplement_fast,48.4
perplexity,staged,1,3250,blimp_fast,54.87
perplexity,staged,1,3250,entity_tracking_fast,19.86
perplexity,staged,1,3250,ewok_fast,49.45
perplexity,staged,1,3250,supplement_fast,47.6
perplexity,staged,1,3500,blimp_fast,56.65
perplexity,staged,1,3500,entity_tracking_fast,16.94
perplexity,staged,1,3500,ewok_fast,48.45
perplexity,staged,1,3500,supplement_fast,49.6
perplexity,staged,1,3750,blimp_fast,55.84
perplexity,staged,1,3750,entity_tracking_fast,17.64
perplexity,staged,1,3750,ewok_fast,51.73
perplexity,staged,1,3750,supplement_fast,46.0
perplexity,staged,1,4000,blimp_fast,55.33
perplexity,staged,1,4000,entity_tracking_fast,19.67
perplexity,staged,1,4000,ewok_fast,50.45
perplexity,staged,1,4000,supplement_fast,46.0
perplexity,staged,1,4250,blimp_fast,56.15
perplexity,staged,1,4250,entity_tracking_fast,17.22
perplexity,staged,1,4250,ewok_fast,48.55
perplexity,staged,1,4250,supplement_fast,45.6
perplexity,staged,1,4500,blimp_fast,54.89
perplexity,staged,1,4500,entity_tracking_fast,18.7
perplexity,staged,1,4500,ewok_fast,50.0
perplexity,staged,1,4500,supplement_fast,45.2
perplexity,staged,1,4750,blimp_fast,55.73
perplexity,staged,1,4750,entity_tracking_fast,16.84
perplexity,staged,1,4750,ewok_fast,49.73
perplexity,staged,1,4750,supplement_fast,47.2
perplexity,staged,1,5000,blimp_fast,55.39
perplexity,staged,1,5000,entity_tracking_fast,18.01
perplexity,staged,1,5000,ewok_fast,50.55
perplexity,staged,1,5000,supplement_fast,45.2
perplexity,staged,1,5250,blimp_fast,54.72
perplexity,staged,1,5250,entity_tracking_fast,19.1
perplexity,staged,1,5250,ewok_fast,48.45
perplexity,staged,1,5250,supplement_fast,44.4
perplexity,staged,2,0,blimp_fast,50.75
perplexity,staged,2,0,entity_tracking_fast,42.06
perplexity,staged,2,0,ewok_fast,51.73
perplexity,staged,2,0,supplement_fast,49.2
perplexity,staged,2,250,blimp_fast,56.06
perplexity,staged,2,250,entity_tracking_fast,42.06
perplexity,staged,2,250,ewok_fast,52.45
perplexity,staged,2,250,supplement_fast,51.6
perplexity,staged,2,500,blimp_fast,56.02
perplexity,staged,2,500,entity_tracking_fast,35.21
perplexity,staged,2,500,ewok_fast,49.0
perplexity,staged,2,500,supplement_fast,47.6
perplexity,staged,2,750,blimp_fast,54.04
perplexity,staged,2,750,entity_tracking_fast,31.56
perplexity,staged,2,750,ewok_fast,48.18
perplexity,staged,2,750,supplement_fast,46.4
perplexity,staged,2,1000,blimp_fast,53.3
perplexity,staged,2,1000,entity_tracking_fast,41.65
perplexity,staged,2,1000,ewok_fast,49.91
perplexity,staged,2,1000,supplement_fast,46.4
perplexity,staged,2,1250,blimp_fast,54.31
perplexity,staged,2,1250,entity_tracking_fast,26.26
perplexity,staged,2,1250,ewok_fast,50.45
perplexity,staged,2,1250,supplement_fast,46.4
perplexity,staged,2,1500,blimp_fast,54.99
perplexity,staged,2,1500,entity_tracking_fast,15.19
perplexity,staged,2,1500,ewok_fast,50.73
perplexity,staged,2,1500,supplement_fast,46.0
perplexity,staged,2,1750,blimp_fast,55.24
perplexity,staged,2,1750,entity_tracking_fast,13.72
perplexity,staged,2,1750,ewok_fast,50.36
perplexity,staged,2,1750,supplement_fast,42.0
perplexity,staged,2,2000,blimp_fast,56.4
perplexity,staged,2,2000,entity_tracking_fast,12.56
perplexity,staged,2,2000,ewok_fast,54.82
perplexity,staged,2,2000,supplement_fast,47.6
perplexity,staged,2,2250,blimp_fast,54.87
perplexity,staged,2,2250,entity_tracking_fast,12.36
perplexity,staged,2,2250,ewok_fast,51.36
perplexity,staged,2,2250,supplement_fast,48.0
perplexity,staged,2,2500,blimp_fast,54.32
perplexity,staged,2,2500,entity_tracking_fast,16.12
perplexity,staged,2,2500,ewok_fast,49.36
perplexity,staged,2,2500,supplement_fast,44.0
perplexity,staged,2,2750,blimp_fast,55.27
perplexity,staged,2,2750,entity_tracking_fast,14.29
perplexity,staged,2,2750,ewok_fast,49.45
perplexity,staged,2,2750,supplement_fast,46.8
perplexity,staged,2,3000,blimp_fast,57.35
perplexity,staged,2,3000,entity_tracking_fast,13.0
perplexity,staged,2,3000,ewok_fast,53.27
perplexity,staged,2,3000,supplement_fast,46.8
perplexity,staged,2,3250,blimp_fast,56.54
perplexity,staged,2,3250,entity_tracking_fast,14.37
perplexity,staged,2,3250,ewok_fast,50.55
perplexity,staged,2,3250,supplement_fast,47.6
perplexity,staged,2,3500,blimp_fast,55.77
perplexity,staged,2,3500,entity_tracking_fast,13.85
perplexity,staged,2,3500,ewok_fast,47.09
perplexity,staged,2,3500,supplement_fast,46.4
perplexity,staged,2,3750,blimp_fast,56.62
perplexity,staged,2,3750,entity_tracking_fast,13.79
perplexity,staged,2,3750,ewok_fast,48.0
perplexity,staged,2,3750,supplement_fast,47.6
perplexity,staged,2,4000,blimp_fast,56.35
perplexity,staged,2,4000,entity_tracking_fast,13.66
perplexity,staged,2,4000,ewok_fast,48.55
perplexity,staged,2,4000,supplement_fast,49.2
perplexity,staged,2,4250,blimp_fast,57.96
perplexity,staged,2,4250,entity_tracking_fast,13.44
perplexity,staged,2,4250,ewok_fast,48.55
perplexity,staged,2,4250,supplement_fast,49.2
perplexity,staged,2,4500,blimp_fast,57.38
perplexity,staged,2,4500,entity_tracking_fast,12.48
perplexity,staged,2,4500,ewok_fast,49.55
perplexity,staged,2,4500,supplement_fast,48.4
perplexity,staged,2,4750,blimp_fast,57.05
perplexity,staged,2,4750,entity_tracking_fast,12.94
perplexity,staged,2,4750,ewok_fast,50.73
perplexity,staged,2,4750,supplement_fast,48.4
perplexity,staged,2,5000,blimp_fast,57.07
perplexity,staged,2,5000,entity_tracking_fast,13.71
perplexity,staged,2,5000,ewok_fast,51.36
perplexity,staged,2,5000,supplement_fast,45.2
perplexity,staged,2,5250,blimp_fast,57.97
perplexity,staged,2,5250,entity_tracking_fast,13.43
perplexity,staged,2,5250,ewok_fast,47.64
perplexity,staged,2,5250,supplement_fast,50.4
qwenppl,staged,0,0,blimp_fast,49.91
qwenppl,staged,0,0,entity_tracking_fast,42.56
qwenppl,staged,0,0,ewok_fast,49.36
qwenppl,staged,0,0,supplement_fast,49.2
qwenppl,staged,0,250,blimp_fast,56.27
qwenppl,staged,0,250,entity_tracking_fast,40.47
qwenppl,staged,0,250,ewok_fast,50.27
qwenppl,staged,0,250,supplement_fast,47.2
qwenppl,staged,0,500,blimp_fast,54.45
qwenppl,staged,0,500,entity_tracking_fast,39.42
qwenppl,staged,0,500,ewok_fast,48.91
qwenppl,staged,0,500,supplement_fast,48.4
qwenppl,staged,0,750,blimp_fast,57.43
qwenppl,staged,0,750,entity_tracking_fast,32.05
qwenppl,staged,0,750,ewok_fast,49.64
qwenppl,staged,0,750,supplement_fast,46.8
qwenppl,staged,0,1000,blimp_fast,56.83
qwenppl,staged,0,1000,entity_tracking_fast,35.46
qwenppl,staged,0,1000,ewok_fast,50.18
qwenppl,staged,0,1000,supplement_fast,48.8
qwenppl,staged,0,1250,blimp_fast,53.91
qwenppl,staged,0,1250,entity_tracking_fast,42.47
qwenppl,staged,0,1250,ewok_fast,49.36
qwenppl,staged,0,1250,supplement_fast,46.8
qwenppl,staged,0,1500,blimp_fast,54.87
qwenppl,staged,0,1500,entity_tracking_fast,39.96
qwenppl,staged,0,1500,ewok_fast,46.82
qwenppl,staged,0,1500,supplement_fast,44.0
qwenppl,staged,0,1750,blimp_fast,55.22
qwenppl,staged,0,1750,entity_tracking_fast,21.4
qwenppl,staged,0,1750,ewok_fast,48.91
qwenppl,staged,0,1750,supplement_fast,47.6
qwenppl,staged,0,2000,blimp_fast,56.63
qwenppl,staged,0,2000,entity_tracking_fast,39.68
qwenppl,staged,0,2000,ewok_fast,47.0
qwenppl,staged,0,2000,supplement_fast,48.0
qwenppl,staged,0,2250,blimp_fast,54.69
qwenppl,staged,0,2250,entity_tracking_fast,42.87
qwenppl,staged,0,2250,ewok_fast,51.36
qwenppl,staged,0,2250,supplement_fast,49.2
qwenppl,staged,0,2500,blimp_fast,53.06
qwenppl,staged,0,2500,entity_tracking_fast,41.8
qwenppl,staged,0,2500,ewok_fast,51.36
qwenppl,staged,0,2500,supplement_fast,48.8
qwenppl,staged,0,2750,blimp_fast,53.4
qwenppl,staged,0,2750,entity_tracking_fast,36.94
qwenppl,staged,0,2750,ewok_fast,49.18
qwenppl,staged,0,2750,supplement_fast,42.4
qwenppl,staged,0,3000,blimp_fast,53.34
qwenppl,staged,0,3000,entity_tracking_fast,32.45
qwenppl,staged,0,3000,ewok_fast,49.09
qwenppl,staged,0,3000,supplement_fast,44.4
qwenppl,staged,0,3250,blimp_fast,52.98
qwenppl,staged,0,3250,entity_tracking_fast,31.32
qwenppl,staged,0,3250,ewok_fast,50.0
qwenppl,staged,0,3250,supplement_fast,47.2
qwenppl,staged,0,3500,blimp_fast,52.96
qwenppl,staged,0,3500,entity_tracking_fast,37.92
qwenppl,staged,0,3500,ewok_fast,46.36
qwenppl,staged,0,3500,supplement_fast,49.2
qwenppl,staged,0,3750,blimp_fast,52.68
qwenppl,staged,0,3750,entity_tracking_fast,38.94
qwenppl,staged,0,3750,ewok_fast,47.45
qwenppl,staged,0,3750,supplement_fast,42.8
qwenppl,staged,0,4000,blimp_fast,52.3
qwenppl,staged,0,4000,entity_tracking_fast,42.6
qwenppl,staged,0,4000,ewok_fast,46.91
qwenppl,staged,0,4000,supplement_fast,46.0
qwenppl,staged,0,4250,blimp_fast,52.31
qwenppl,staged,0,4250,entity_tracking_fast,32.99
qwenppl,staged,0,4250,ewok_fast,47.45
qwenppl,staged,0,4250,supplement_fast,47.2
qwenppl,staged,0,4500,blimp_fast,51.81
qwenppl,staged,0,4500,entity_tracking_fast,40.32
qwenppl,staged,0,4500,ewok_fast,48.27
qwenppl,staged,0,4500,supplement_fast,48.4
qwenppl,staged,0,4750,blimp_fast,52.61
qwenppl,staged,0,4750,entity_tracking_fast,40.96
qwenppl,staged,0,4750,ewok_fast,48.45
qwenppl,staged,0,4750,supplement_fast,50.8
qwenppl,staged,0,5000,blimp_fast,52.25
qwenppl,staged,0,5000,entity_tracking_fast,42.89
qwenppl,staged,0,5000,ewok_fast,49.18
qwenppl,staged,0,5000,supplement_fast,48.0
qwenppl,staged,0,5250,blimp_fast,51.07
qwenppl,staged,0,5250,entity_tracking_fast,42.87
qwenppl,staged,0,5250,ewok_fast,50.64
qwenppl,staged,0,5250,supplement_fast,46.8
qwenppl,staged,1,0,blimp_fast,50.04
qwenppl,staged,1,0,entity_tracking_fast,42.74
qwenppl,staged,1,0,ewok_fast,51.0
qwenppl,staged,1,0,supplement_fast,47.2
qwenppl,staged,1,250,blimp_fast,53.54
qwenppl,staged,1,250,entity_tracking_fast,25.53
qwenppl,staged,1,250,ewok_fast,47.45
qwenppl,staged,1,250,supplement_fast,47.2
qwenppl,staged,1,500,blimp_fast,53.06
qwenppl,staged,1,500,entity_tracking_fast,21.09
qwenppl,staged,1,500,ewok_fast,50.91
qwenppl,staged,1,500,supplement_fast,41.6
qwenppl,staged,1,750,blimp_fast,53.64
qwenppl,staged,1,750,entity_tracking_fast,15.9
qwenppl,staged,1,750,ewok_fast,49.64
qwenppl,staged,1,750,supplement_fast,44.4
qwenppl,staged,1,1000,blimp_fast,51.77
qwenppl,staged,1,1000,entity_tracking_fast,29.53
qwenppl,staged,1,1000,ewok_fast,49.18
qwenppl,staged,1,1000,supplement_fast,44.4
qwenppl,staged,1,1250,blimp_fast,51.07
qwenppl,staged,1,1250,entity_tracking_fast,35.89
qwenppl,staged,1,1250,ewok_fast,50.27
qwenppl,staged,1,1250,supplement_fast,43.2
qwenppl,staged,1,1500,blimp_fast,53.85
qwenppl,staged,1,1500,entity_tracking_fast,13.56
qwenppl,staged,1,1500,ewok_fast,50.18
qwenppl,staged,1,1500,supplement_fast,46.0
qwenppl,staged,1,1750,blimp_fast,53.22
qwenppl,staged,1,1750,entity_tracking_fast,13.1
qwenppl,staged,1,1750,ewok_fast,49.36
qwenppl,staged,1,1750,supplement_fast,44.0
qwenppl,staged,1,2000,blimp_fast,52.41
qwenppl,staged,1,2000,entity_tracking_fast,28.54
qwenppl,staged,1,2000,ewok_fast,48.18
qwenppl,staged,1,2000,supplement_fast,44.0
qwenppl,staged,1,2250,blimp_fast,53.6
qwenppl,staged,1,2250,entity_tracking_fast,23.19
qwenppl,staged,1,2250,ewok_fast,47.73
qwenppl,staged,1,2250,supplement_fast,42.8
qwenppl,staged,1,2500,blimp_fast,53.32
qwenppl,staged,1,2500,entity_tracking_fast,23.21
qwenppl,staged,1,2500,ewok_fast,49.55
qwenppl,staged,1,2500,supplement_fast,43.6
qwenppl,staged,1,2750,blimp_fast,52.48
qwenppl,staged,1,2750,entity_tracking_fast,14.19
qwenppl,staged,1,2750,ewok_fast,51.36
qwenppl,staged,1,2750,supplement_fast,46.4
qwenppl,staged,1,3000,blimp_fast,52.46
qwenppl,staged,1,3000,entity_tracking_fast,18.57
qwenppl,staged,1,3000,ewok_fast,49.73
qwenppl,staged,1,3000,supplement_fast,43.2
qwenppl,staged,1,3250,blimp_fast,53.69
qwenppl,staged,1,3250,entity_tracking_fast,16.79
qwenppl,staged,1,3250,ewok_fast,49.36
qwenppl,staged,1,3250,supplement_fast,45.6
qwenppl,staged,1,3500,blimp_fast,53.57
qwenppl,staged,1,3500,entity_tracking_fast,15.79
qwenppl,staged,1,3500,ewok_fast,48.91
qwenppl,staged,1,3500,supplement_fast,44.8
qwenppl,staged,1,3750,blimp_fast,53.63
qwenppl,staged,1,3750,entity_tracking_fast,16.74
qwenppl,staged,1,3750,ewok_fast,50.36
qwenppl,staged,1,3750,supplement_fast,42.4
qwenppl,staged,1,4000,blimp_fast,52.56
qwenppl,staged,1,4000,entity_tracking_fast,18.21
qwenppl,staged,1,4000,ewok_fast,52.91
qwenppl,staged,1,4000,supplement_fast,46.4
qwenppl,staged,1,4250,blimp_fast,54.15
qwenppl,staged,1,4250,entity_tracking_fast,18.32
qwenppl,staged,1,4250,ewok_fast,50.45
qwenppl,staged,1,4250,supplement_fast,49.6
qwenppl,staged,1,4500,blimp_fast,53.45
qwenppl,staged,1,4500,entity_tracking_fast,18.99
qwenppl,staged,1,4500,ewok_fast,49.82
qwenppl,staged,1,4500,supplement_fast,49.2
qwenppl,staged,1,4750,blimp_fast,54.0
qwenppl,staged,1,4750,entity_tracking_fast,15.58
qwenppl,staged,1,4750,ewok_fast,49.73
qwenppl,staged,1,4750,supplement_fast,46.8
qwenppl,staged,1,5000,blimp_fast,53.22
qwenppl,staged,1,5000,entity_tracking_fast,15.84
qwenppl,staged,1,5000,ewok_fast,49.82
qwenppl,staged,1,5000,supplement_fast,43.6
qwenppl,staged,1,5250,blimp_fast,54.24
qwenppl,staged,1,5250,entity_tracking_fast,19.18
qwenppl,staged,1,5250,ewok_fast,50.55
qwenppl,staged,1,5250,supplement_fast,42.0
qwenppl,staged,2,0,blimp_fast,50.75
qwenppl,staged,2,0,entity_tracking_fast,42.09
qwenppl,staged,2,0,ewok_fast,51.55
qwenppl,staged,2,0,supplement_fast,49.2
qwenppl,staged,2,250,blimp_fast,53.9
qwenppl,staged,2,250,entity_tracking_fast,12.02
qwenppl,staged,2,250,ewok_fast,51.73
qwenppl,staged,2,250,supplement_fast,50.0
qwenppl,staged,2,500,blimp_fast,57.94
qwenppl,staged,2,500,entity_tracking_fast,40.47
qwenppl,staged,2,500,ewok_fast,51.64
qwenppl,staged,2,500,supplement_fast,53.2
qwenppl,staged,2,750,blimp_fast,55.71
qwenppl,staged,2,750,entity_tracking_fast,40.89
qwenppl,staged,2,750,ewok_fast,49.09
qwenppl,staged,2,750,supplement_fast,46.8
qwenppl,staged,2,1000,blimp_fast,54.7
qwenppl,staged,2,1000,entity_tracking_fast,15.98
qwenppl,staged,2,1000,ewok_fast,49.0
qwenppl,staged,2,1000,supplement_fast,47.6
qwenppl,staged,2,1250,blimp_fast,54.27
qwenppl,staged,2,1250,entity_tracking_fast,14.11
qwenppl,staged,2,1250,ewok_fast,52.82
qwenppl,staged,2,1250,supplement_fast,52.8
qwenppl,staged,2,1500,blimp_fast,55.75
qwenppl,staged,2,1500,entity_tracking_fast,17.48
qwenppl,staged,2,1500,ewok_fast,50.64
qwenppl,staged,2,1500,supplement_fast,53.6
qwenppl,staged,2,1750,blimp_fast,53.61
qwenppl,staged,2,1750,entity_tracking_fast,22.42
qwenppl,staged,2,1750,ewok_fast,49.0
qwenppl,staged,2,1750,supplement_fast,45.6
qwenppl,staged,2,2000,blimp_fast,55.72
qwenppl,staged,2,2000,entity_tracking_fast,26.01
qwenppl,staged,2,2000,ewok_fast,50.82
qwenppl,staged,2,2000,supplement_fast,48.8
qwenppl,staged,2,2250,blimp_fast,54.81
qwenppl,staged,2,2250,entity_tracking_fast,38.29
qwenppl,staged,2,2250,ewok_fast,47.0
qwenppl,staged,2,2250,supplement_fast,48.4
qwenppl,staged,2,2500,blimp_fast,52.37
qwenppl,staged,2,2500,entity_tracking_fast,26.03
qwenppl,staged,2,2500,ewok_fast,48.64
qwenppl,staged,2,2500,supplement_fast,44.0
qwenppl,staged,2,2750,blimp_fast,52.68
qwenppl,staged,2,2750,entity_tracking_fast,18.2
qwenppl,staged,2,2750,ewok_fast,50.18
qwenppl,staged,2,2750,supplement_fast,49.2
qwenppl,staged,2,3000,blimp_fast,54.72
qwenppl,staged,2,3000,entity_tracking_fast,16.46
qwenppl,staged,2,3000,ewok_fast,49.91
qwenppl,staged,2,3000,supplement_fast,41.2
qwenppl,staged,2,3250,blimp_fast,53.23
qwenppl,staged,2,3250,entity_tracking_fast,13.66
qwenppl,staged,2,3250,ewok_fast,49.55
qwenppl,staged,2,3250,supplement_fast,46.4
qwenppl,staged,2,3500,blimp_fast,53.13
qwenppl,staged,2,3500,entity_tracking_fast,14.58
qwenppl,staged,2,3500,ewok_fast,49.36
qwenppl,staged,2,3500,supplement_fast,46.0
qwenppl,staged,2,3750,blimp_fast,53.57
qwenppl,staged,2,3750,entity_tracking_fast,14.31
qwenppl,staged,2,3750,ewok_fast,51.64
qwenppl,staged,2,3750,supplement_fast,46.0
qwenppl,staged,2,4000,blimp_fast,53.13
qwenppl,staged,2,4000,entity_tracking_fast,13.27
qwenppl,staged,2,4000,ewok_fast,46.64
qwenppl,staged,2,4000,supplement_fast,51.6
qwenppl,staged,2,4250,blimp_fast,52.43
qwenppl,staged,2,4250,entity_tracking_fast,13.8
qwenppl,staged,2,4250,ewok_fast,50.82
qwenppl,staged,2,4250,supplement_fast,48.4
qwenppl,staged,2,4500,blimp_fast,53.16
qwenppl,staged,2,4500,entity_tracking_fast,17.09
qwenppl,staged,2,4500,ewok_fast,51.64
qwenppl,staged,2,4500,supplement_fast,48.4
qwenppl,staged,2,4750,blimp_fast,52.77
qwenppl,staged,2,4750,entity_tracking_fast,18.68
qwenppl,staged,2,4750,ewok_fast,51.27
qwenppl,staged,2,4750,supplement_fast,47.2
qwenppl,staged,2,5000,blimp_fast,51.63
qwenppl,staged,2,5000,entity_tracking_fast,16.63
qwenppl,staged,2,5000,ewok_fast,49.64
qwenppl,staged,2,5000,supplement_fast,50.4
qwenppl,staged,2,5250,blimp_fast,52.66
qwenppl,staged,2,5250,entity_tracking_fast,16.47
qwenppl,staged,2,5250,ewok_fast,48.64
qwenppl,staged,2,5250,supplement_fast,46.4
random,staged,0,0,blimp_fast,49.9
random,staged,0,0,entity_tracking_fast,42.56
random,staged,0,0,ewok_fast,49.36
random,staged,0,0,supplement_fast,49.2
random,staged,0,250,blimp_fast,53.87
random,staged,0,250,entity_tracking_fast,41.83
random,staged,0,250,ewok_fast,50.09
random,staged,0,250,supplement_fast,52.8
random,staged,0,500,blimp_fast,54.22
random,staged,0,500,entity_tracking_fast,32.96
random,staged,0,500,ewok_fast,51.09
random,staged,0,500,supplement_fast,48.4
random,staged,0,750,blimp_fast,55.77
random,staged,0,750,entity_tracking_fast,43.38
random,staged,0,750,ewok_fast,50.27
random,staged,0,750,supplement_fast,47.6
random,staged,0,1000,blimp_fast,55.07
random,staged,0,1000,entity_tracking_fast,22.68
random,staged,0,1000,ewok_fast,47.82
random,staged,0,1000,supplement_fast,46.4
random,staged,0,1250,blimp_fast,53.92
random,staged,0,1250,entity_tracking_fast,38.19
random,staged,0,1250,ewok_fast,51.09
random,staged,0,1250,supplement_fast,46.4
random,staged,0,1500,blimp_fast,55.19
random,staged,0,1500,entity_tracking_fast,26.34
random,staged,0,1500,ewok_fast,49.45
random,staged,0,1500,supplement_fast,46.8
random,staged,0,1750,blimp_fast,54.62
random,staged,0,1750,entity_tracking_fast,33.89
random,staged,0,1750,ewok_fast,50.0
random,staged,0,1750,supplement_fast,43.2
random,staged,0,2000,blimp_fast,54.25
random,staged,0,2000,entity_tracking_fast,34.36
random,staged,0,2000,ewok_fast,49.55
random,staged,0,2000,supplement_fast,49.6
random,staged,0,2250,blimp_fast,53.84
random,staged,0,2250,entity_tracking_fast,34.94
random,staged,0,2250,ewok_fast,49.91
random,staged,0,2250,supplement_fast,39.6
random,staged,0,2500,blimp_fast,54.92
random,staged,0,2500,entity_tracking_fast,26.89
random,staged,0,2500,ewok_fast,51.36
random,staged,0,2500,supplement_fast,46.0
random,staged,0,2750,blimp_fast,55.0
random,staged,0,2750,entity_tracking_fast,14.68
random,staged,0,2750,ewok_fast,49.91
random,staged,0,2750,supplement_fast,44.8
random,staged,0,3000,blimp_fast,54.72
random,staged,0,3000,entity_tracking_fast,16.44
random,staged,0,3000,ewok_fast,52.18
random,staged,0,3000,supplement_fast,43.2
random,staged,0,3250,blimp_fast,53.54
random,staged,0,3250,entity_tracking_fast,25.91
random,staged,0,3250,ewok_fast,52.0
random,staged,0,3250,supplement_fast,47.2
random,staged,0,3500,blimp_fast,53.99
random,staged,0,3500,entity_tracking_fast,21.64
random,staged,0,3500,ewok_fast,51.55
random,staged,0,3500,supplement_fast,46.4
random,staged,0,3750,blimp_fast,54.28
random,staged,0,3750,entity_tracking_fast,14.55
random,staged,0,3750,ewok_fast,52.45
random,staged,0,3750,supplement_fast,42.8
random,staged,0,4000,blimp_fast,53.96
random,staged,0,4000,entity_tracking_fast,19.16
random,staged,0,4000,ewok_fast,52.09
random,staged,0,4000,supplement_fast,48.0
random,staged,0,4250,blimp_fast,53.49
random,staged,0,4250,entity_tracking_fast,25.16
random,staged,0,4250,ewok_fast,50.55
random,staged,0,4250,supplement_fast,40.0
random,staged,0,4500,blimp_fast,53.96
random,staged,0,4500,entity_tracking_fast,17.66
random,staged,0,4500,ewok_fast,49.0
random,staged,0,4500,supplement_fast,41.6
random,staged,0,4750,blimp_fast,54.04
random,staged,0,4750,entity_tracking_fast,19.53
random,staged,0,4750,ewok_fast,49.27
random,staged,0,4750,supplement_fast,41.2
random,staged,0,5000,blimp_fast,54.22
random,staged,0,5000,entity_tracking_fast,20.53
random,staged,0,5000,ewok_fast,49.91
random,staged,0,5000,supplement_fast,41.2
random,staged,0,5250,blimp_fast,53.79
random,staged,0,5250,entity_tracking_fast,23.07
random,staged,0,5250,ewok_fast,49.73
random,staged,0,5250,supplement_fast,39.2
random,staged,1,0,blimp_fast,50.03
random,staged,1,0,entity_tracking_fast,42.76
random,staged,1,0,ewok_fast,50.91
random,staged,1,0,supplement_fast,47.2
random,staged,1,250,blimp_fast,56.15
random,staged,1,250,entity_tracking_fast,21.78
random,staged,1,250,ewok_fast,52.27
random,staged,1,250,supplement_fast,44.0
random,staged,1,500,blimp_fast,54.37
random,staged,1,500,entity_tracking_fast,38.14
random,staged,1,500,ewok_fast,52.09
random,staged,1,500,supplement_fast,42.8
random,staged,1,750,blimp_fast,54.4
random,staged,1,750,entity_tracking_fast,32.66
random,staged,1,750,ewok_fast,50.36
random,staged,1,750,supplement_fast,44.8
random,staged,1,1000,blimp_fast,50.43
random,staged,1,1000,entity_tracking_fast,30.19
random,staged,1,1000,ewok_fast,48.0
random,staged,1,1000,supplement_fast,51.2
random,staged,1,1250,blimp_fast,52.92
random,staged,1,1250,entity_tracking_fast,27.84
random,staged,1,1250,ewok_fast,49.64
random,staged,1,1250,supplement_fast,54.4
random,staged,1,1500,blimp_fast,52.25
random,staged,1,1500,entity_tracking_fast,23.73
random,staged,1,1500,ewok_fast,51.64
random,staged,1,1500,supplement_fast,49.2
random,staged,1,1750,blimp_fast,53.19
random,staged,1,1750,entity_tracking_fast,41.83
random,staged,1,1750,ewok_fast,49.36
random,staged,1,1750,supplement_fast,51.6
random,staged,1,2000,blimp_fast,53.72
random,staged,1,2000,entity_tracking_fast,38.38
random,staged,1,2000,ewok_fast,49.36
random,staged,1,2000,supplement_fast,53.2
random,staged,1,2250,blimp_fast,54.3
random,staged,1,2250,entity_tracking_fast,35.83
random,staged,1,2250,ewok_fast,49.09
random,staged,1,2250,supplement_fast,46.0
random,staged,1,2500,blimp_fast,53.98
random,staged,1,2500,entity_tracking_fast,27.29
random,staged,1,2500,ewok_fast,50.18
random,staged,1,2500,supplement_fast,50.0
random,staged,1,2750,blimp_fast,51.52
random,staged,1,2750,entity_tracking_fast,15.9
random,staged,1,2750,ewok_fast,50.0
random,staged,1,2750,supplement_fast,50.0
random,staged,1,3000,blimp_fast,53.28
random,staged,1,3000,entity_tracking_fast,23.48
random,staged,1,3000,ewok_fast,52.0
random,staged,1,3000,supplement_fast,41.6
random,staged,1,3250,blimp_fast,53.38
random,staged,1,3250,entity_tracking_fast,20.45
random,staged,1,3250,ewok_fast,49.0
random,staged,1,3250,supplement_fast,46.8
random,staged,1,3500,blimp_fast,53.3
random,staged,1,3500,entity_tracking_fast,19.57
random,staged,1,3500,ewok_fast,50.73
random,staged,1,3500,supplement_fast,48.0
random,staged,1,3750,blimp_fast,53.05
random,staged,1,3750,entity_tracking_fast,29.71
random,staged,1,3750,ewok_fast,47.45
random,staged,1,3750,supplement_fast,47.6
random,staged,1,4000,blimp_fast,52.77
random,staged,1,4000,entity_tracking_fast,33.58
random,staged,1,4000,ewok_fast,48.82
random,staged,1,4000,supplement_fast,46.4
random,staged,1,4250,blimp_fast,52.79
random,staged,1,4250,entity_tracking_fast,36.02
random,staged,1,4250,ewok_fast,48.91
random,staged,1,4250,supplement_fast,47.6
random,staged,1,4500,blimp_fast,52.93
random,staged,1,4500,entity_tracking_fast,34.91
random,staged,1,4500,ewok_fast,49.09
random,staged,1,4500,supplement_fast,46.4
random,staged,1,4750,blimp_fast,53.96
random,staged,1,4750,entity_tracking_fast,34.15
random,staged,1,4750,ewok_fast,49.09
random,staged,1,4750,supplement_fast,46.8
random,staged,1,5000,blimp_fast,53.27
random,staged,1,5000,entity_tracking_fast,36.0
random,staged,1,5000,ewok_fast,48.91
random,staged,1,5000,supplement_fast,49.2
random,staged,1,5250,blimp_fast,53.49
random,staged,1,5250,entity_tracking_fast,35.71
random,staged,1,5250,ewok_fast,50.18
random,staged,1,5250,supplement_fast,45.6
random,staged,2,0,blimp_fast,50.72
random,staged,2,0,entity_tracking_fast,42.09
random,staged,2,0,ewok_fast,51.82
random,staged,2,0,supplement_fast,49.2
random,staged,2,250,blimp_fast,49.93
random,staged,2,250,entity_tracking_fast,15.92
random,staged,2,250,ewok_fast,52.0
random,staged,2,250,supplement_fast,50.4
random,staged,2,500,blimp_fast,54.23
random,staged,2,500,entity_tracking_fast,33.78
random,staged,2,500,ewok_fast,48.91
random,staged,2,500,supplement_fast,46.0
random,staged,2,750,blimp_fast,54.43
random,staged,2,750,entity_tracking_fast,30.23
random,staged,2,750,ewok_fast,52.91
random,staged,2,750,supplement_fast,41.6
random,staged,2,1000,blimp_fast,53.72
random,staged,2,1000,entity_tracking_fast,12.18
random,staged,2,1000,ewok_fast,50.36
random,staged,2,1000,supplement_fast,47.6
random,staged,2,1250,blimp_fast,52.65
random,staged,2,1250,entity_tracking_fast,11.97
random,staged,2,1250,ewok_fast,48.91
random,staged,2,1250,supplement_fast,46.8
random,staged,2,1500,blimp_fast,55.06
random,staged,2,1500,entity_tracking_fast,30.09
random,staged,2,1500,ewok_fast,50.0
random,staged,2,1500,supplement_fast,48.4
random,staged,2,1750,blimp_fast,53.27
random,staged,2,1750,entity_tracking_fast,15.42
random,staged,2,1750,ewok_fast,50.18
random,staged,2,1750,supplement_fast,45.2
random,staged,2,2000,blimp_fast,53.7
random,staged,2,2000,entity_tracking_fast,22.4
random,staged,2,2000,ewok_fast,50.09
random,staged,2,2000,supplement_fast,44.8
random,staged,2,2250,blimp_fast,52.93
random,staged,2,2250,entity_tracking_fast,43.19
random,staged,2,2250,ewok_fast,48.27
random,staged,2,2250,supplement_fast,43.2
random,staged,2,2500,blimp_fast,53.99
random,staged,2,2500,entity_tracking_fast,14.83
random,staged,2,2500,ewok_fast,48.36
random,staged,2,2500,supplement_fast,47.2
random,staged,2,2750,blimp_fast,53.43
random,staged,2,2750,entity_tracking_fast,16.0
random,staged,2,2750,ewok_fast,47.64
random,staged,2,2750,supplement_fast,46.0
random,staged,2,3000,blimp_fast,54.43
random,staged,2,3000,entity_tracking_fast,15.26
random,staged,2,3000,ewok_fast,48.55
random,staged,2,3000,supplement_fast,50.0
random,staged,2,3250,blimp_fast,52.87
random,staged,2,3250,entity_tracking_fast,17.28
random,staged,2,3250,ewok_fast,47.82
random,staged,2,3250,supplement_fast,42.8
random,staged,2,3500,blimp_fast,53.64
random,staged,2,3500,entity_tracking_fast,27.88
random,staged,2,3500,ewok_fast,48.45
random,staged,2,3500,supplement_fast,49.2
random,staged,2,3750,blimp_fast,53.27
random,staged,2,3750,entity_tracking_fast,18.88
random,staged,2,3750,ewok_fast,50.64
random,staged,2,3750,supplement_fast,50.0
random,staged,2,4000,blimp_fast,53.78
random,staged,2,4000,entity_tracking_fast,20.85
random,staged,2,4000,ewok_fast,48.55
random,staged,2,4000,supplement_fast,49.2
random,staged,2,4250,blimp_fast,52.33
random,staged,2,4250,entity_tracking_fast,23.65
random,staged,2,4250,ewok_fast,51.27
random,staged,2,4250,supplement_fast,48.4
random,staged,2,4500,blimp_fast,53.54
random,staged,2,4500,entity_tracking_fast,28.33
random,staged,2,4500,ewok_fast,50.36
random,staged,2,4500,supplement_fast,50.0
random,staged,2,4750,blimp_fast,53.6
random,staged,2,4750,entity_tracking_fast,27.27
random,staged,2,4750,ewok_fast,47.55
random,staged,2,4750,supplement_fast,48.4
random,staged,2,5000,blimp_fast,54.14
random,staged,2,5000,entity_tracking_fast,28.26
random,staged,2,5000,ewok_fast,49.18
random,staged,2,5000,supplement_fast,48.4
random,staged,2,5250,blimp_fast,53.34
random,staged,2,5250,entity_tracking_fast,26.43
random,staged,2,5250,ewok_fast,49.55
random,staged,2,5250,supplement_fast,48.8
randomblock,staged,0,0,blimp_fast,49.92
randomblock,staged,0,0,entity_tracking_fast,42.54
randomblock,staged,0,0,ewok_fast,49.36
randomblock,staged,0,0,supplement_fast,49.2
randomblock,staged,0,250,blimp_fast,53.22
randomblock,staged,0,250,entity_tracking_fast,40.01
randomblock,staged,0,250,ewok_fast,51.55
randomblock,staged,0,250,supplement_fast,47.2
randomblock,staged,0,500,blimp_fast,59.01
randomblock,staged,0,500,entity_tracking_fast,21.82
randomblock,staged,0,500,ewok_fast,51.09
randomblock,staged,0,500,supplement_fast,45.6
randomblock,staged,0,750,blimp_fast,55.93
randomblock,staged,0,750,entity_tracking_fast,24.33
randomblock,staged,0,750,ewok_fast,50.27
randomblock,staged,0,750,supplement_fast,48.4
randomblock,staged,0,1000,blimp_fast,52.9
randomblock,staged,0,1000,entity_tracking_fast,43.09
randomblock,staged,0,1000,ewok_fast,49.09
randomblock,staged,0,1000,supplement_fast,54.0
randomblock,staged,0,1250,blimp_fast,52.27
randomblock,staged,0,1250,entity_tracking_fast,33.14
randomblock,staged,0,1250,ewok_fast,51.36
randomblock,staged,0,1250,supplement_fast,50.0
randomblock,staged,0,1500,blimp_fast,53.95
randomblock,staged,0,1500,entity_tracking_fast,41.83
randomblock,staged,0,1500,ewok_fast,48.27
randomblock,staged,0,1500,supplement_fast,47.2
randomblock,staged,0,1750,blimp_fast,53.13
randomblock,staged,0,1750,entity_tracking_fast,38.52
randomblock,staged,0,1750,ewok_fast,51.64
randomblock,staged,0,1750,supplement_fast,46.4
randomblock,staged,0,2000,blimp_fast,54.43
randomblock,staged,0,2000,entity_tracking_fast,29.18
randomblock,staged,0,2000,ewok_fast,47.91
randomblock,staged,0,2000,supplement_fast,46.0
randomblock,staged,0,2250,blimp_fast,51.46
randomblock,staged,0,2250,entity_tracking_fast,23.68
randomblock,staged,0,2250,ewok_fast,50.18
randomblock,staged,0,2250,supplement_fast,46.0
randomblock,staged,0,2500,blimp_fast,50.73
randomblock,staged,0,2500,entity_tracking_fast,31.44
randomblock,staged,0,2500,ewok_fast,51.55
randomblock,staged,0,2500,supplement_fast,49.2
randomblock,staged,0,2750,blimp_fast,53.88
randomblock,staged,0,2750,entity_tracking_fast,17.96
randomblock,staged,0,2750,ewok_fast,51.09
randomblock,staged,0,2750,supplement_fast,45.2
randomblock,staged,0,3000,blimp_fast,53.52
randomblock,staged,0,3000,entity_tracking_fast,15.76
randomblock,staged,0,3000,ewok_fast,51.64
randomblock,staged,0,3000,supplement_fast,41.2
randomblock,staged,0,3250,blimp_fast,54.22
randomblock,staged,0,3250,entity_tracking_fast,17.35
randomblock,staged,0,3250,ewok_fast,49.73
randomblock,staged,0,3250,supplement_fast,42.0
randomblock,staged,0,3500,blimp_fast,54.83
randomblock,staged,0,3500,entity_tracking_fast,26.57
randomblock,staged,0,3500,ewok_fast,49.45
randomblock,staged,0,3500,supplement_fast,48.0
randomblock,staged,0,3750,blimp_fast,54.37
randomblock,staged,0,3750,entity_tracking_fast,25.1
randomblock,staged,0,3750,ewok_fast,50.0
randomblock,staged,0,3750,supplement_fast,48.0
randomblock,staged,0,4000,blimp_fast,52.49
randomblock,staged,0,4000,entity_tracking_fast,30.28
randomblock,staged,0,4000,ewok_fast,49.55
randomblock,staged,0,4000,supplement_fast,47.2
randomblock,staged,0,4250,blimp_fast,52.47
randomblock,staged,0,4250,entity_tracking_fast,29.65
randomblock,staged,0,4250,ewok_fast,50.64
randomblock,staged,0,4250,supplement_fast,47.6
randomblock,staged,0,4500,blimp_fast,53.17
randomblock,staged,0,4500,entity_tracking_fast,28.64
randomblock,staged,0,4500,ewok_fast,50.0
randomblock,staged,0,4500,supplement_fast,48.4
randomblock,staged,0,4750,blimp_fast,52.49
randomblock,staged,0,4750,entity_tracking_fast,26.62
randomblock,staged,0,4750,ewok_fast,51.64
randomblock,staged,0,4750,supplement_fast,39.6
randomblock,staged,0,5000,blimp_fast,52.48
randomblock,staged,0,5000,entity_tracking_fast,25.4
randomblock,staged,0,5000,ewok_fast,50.45
randomblock,staged,0,5000,supplement_fast,43.2
randomblock,staged,0,5250,blimp_fast,52.06
randomblock,staged,0,5250,entity_tracking_fast,25.81
randomblock,staged,0,5250,ewok_fast,49.55
randomblock,staged,0,5250,supplement_fast,44.8
randomblock,staged,1,0,blimp_fast,50.04
randomblock,staged,1,0,entity_tracking_fast,42.77
randomblock,staged,1,0,ewok_fast,50.91
randomblock,staged,1,0,supplement_fast,47.2
randomblock,staged,1,250,blimp_fast,52.72
randomblock,staged,1,250,entity_tracking_fast,42.55
randomblock,staged,1,250,ewok_fast,48.18
randomblock,staged,1,250,supplement_fast,49.2
randomblock,staged,1,500,blimp_fast,54.24
randomblock,staged,1,500,entity_tracking_fast,41.99
randomblock,staged,1,500,ewok_fast,49.82
randomblock,staged,1,500,supplement_fast,47.6
randomblock,staged,1,750,blimp_fast,53.34
randomblock,staged,1,750,entity_tracking_fast,24.5
randomblock,staged,1,750,ewok_fast,51.27
randomblock,staged,1,750,supplement_fast,47.2
randomblock,staged,1,1000,blimp_fast,51.9
randomblock,staged,1,1000,entity_tracking_fast,34.8
randomblock,staged,1,1000,ewok_fast,50.64
randomblock,staged,1,1000,supplement_fast,44.4
randomblock,staged,1,1250,blimp_fast,51.55
randomblock,staged,1,1250,entity_tracking_fast,21.86
randomblock,staged,1,1250,ewok_fast,48.36
randomblock,staged,1,1250,supplement_fast,44.0
randomblock,staged,1,1500,blimp_fast,54.86
randomblock,staged,1,1500,entity_tracking_fast,32.84
randomblock,staged,1,1500,ewok_fast,47.82
randomblock,staged,1,1500,supplement_fast,48.4
randomblock,staged,1,1750,blimp_fast,52.51
randomblock,staged,1,1750,entity_tracking_fast,27.47
randomblock,staged,1,1750,ewok_fast,50.36
randomblock,staged,1,1750,supplement_fast,44.8
randomblock,staged,1,2000,blimp_fast,53.49
randomblock,staged,1,2000,entity_tracking_fast,17.43
randomblock,staged,1,2000,ewok_fast,47.09
randomblock,staged,1,2000,supplement_fast,46.8
randomblock,staged,1,2250,blimp_fast,53.19
randomblock,staged,1,2250,entity_tracking_fast,42.63
randomblock,staged,1,2250,ewok_fast,49.64
randomblock,staged,1,2250,supplement_fast,46.4
randomblock,staged,1,2500,blimp_fast,52.87
randomblock,staged,1,2500,entity_tracking_fast,26.12
randomblock,staged,1,2500,ewok_fast,48.55
randomblock,staged,1,2500,supplement_fast,44.8
randomblock,staged,1,2750,blimp_fast,53.48
randomblock,staged,1,2750,entity_tracking_fast,39.45
randomblock,staged,1,2750,ewok_fast,48.73
randomblock,staged,1,2750,supplement_fast,46.0
randomblock,staged,1,3000,blimp_fast,50.94
randomblock,staged,1,3000,entity_tracking_fast,42.48
randomblock,staged,1,3000,ewok_fast,50.27
randomblock,staged,1,3000,supplement_fast,44.8
randomblock,staged,1,3250,blimp_fast,53.07
randomblock,staged,1,3250,entity_tracking_fast,42.2
randomblock,staged,1,3250,ewok_fast,50.82
randomblock,staged,1,3250,supplement_fast,44.4
randomblock,staged,1,3500,blimp_fast,54.17
randomblock,staged,1,3500,entity_tracking_fast,30.0
randomblock,staged,1,3500,ewok_fast,50.64
randomblock,staged,1,3500,supplement_fast,44.0
randomblock,staged,1,3750,blimp_fast,55.42
randomblock,staged,1,3750,entity_tracking_fast,36.9
randomblock,staged,1,3750,ewok_fast,49.64
randomblock,staged,1,3750,supplement_fast,47.2
randomblock,staged,1,4000,blimp_fast,54.36
randomblock,staged,1,4000,entity_tracking_fast,39.53
randomblock,staged,1,4000,ewok_fast,49.36
randomblock,staged,1,4000,supplement_fast,45.6
randomblock,staged,1,4250,blimp_fast,52.16
randomblock,staged,1,4250,entity_tracking_fast,41.69
randomblock,staged,1,4250,ewok_fast,48.82
randomblock,staged,1,4250,supplement_fast,41.6
randomblock,staged,1,4500,blimp_fast,52.9
randomblock,staged,1,4500,entity_tracking_fast,38.78
randomblock,staged,1,4500,ewok_fast,51.36
randomblock,staged,1,4500,supplement_fast,46.8
randomblock,staged,1,4750,blimp_fast,51.51
randomblock,staged,1,4750,entity_tracking_fast,40.19
randomblock,staged,1,4750,ewok_fast,50.0
randomblock,staged,1,4750,supplement_fast,43.2
randomblock,staged,1,5000,blimp_fast,51.6
randomblock,staged,1,5000,entity_tracking_fast,40.37
randomblock,staged,1,5000,ewok_fast,52.0
randomblock,staged,1,5000,supplement_fast,45.2
randomblock,staged,1,5250,blimp_fast,51.73
randomblock,staged,1,5250,entity_tracking_fast,41.9
randomblock,staged,1,5250,ewok_fast,50.64
randomblock,staged,1,5250,supplement_fast,44.8
randomblock,staged,2,0,blimp_fast,50.72
randomblock,staged,2,0,entity_tracking_fast,42.06
randomblock,staged,2,0,ewok_fast,51.55
randomblock,staged,2,0,supplement_fast,49.2
randomblock,staged,2,250,blimp_fast,51.5
randomblock,staged,2,250,entity_tracking_fast,35.7
randomblock,staged,2,250,ewok_fast,51.09
randomblock,staged,2,250,supplement_fast,47.2
randomblock,staged,2,500,blimp_fast,55.26
randomblock,staged,2,500,entity_tracking_fast,16.45
randomblock,staged,2,500,ewok_fast,49.18
randomblock,staged,2,500,supplement_fast,50.8
randomblock,staged,2,750,blimp_fast,56.46
randomblock,staged,2,750,entity_tracking_fast,23.95
randomblock,staged,2,750,ewok_fast,49.73
randomblock,staged,2,750,supplement_fast,52.0
randomblock,staged,2,1000,blimp_fast,55.59
randomblock,staged,2,1000,entity_tracking_fast,20.5
randomblock,staged,2,1000,ewok_fast,51.64
randomblock,staged,2,1000,supplement_fast,48.4
randomblock,staged,2,1250,blimp_fast,55.09
randomblock,staged,2,1250,entity_tracking_fast,12.99
randomblock,staged,2,1250,ewok_fast,49.55
randomblock,staged,2,1250,supplement_fast,46.4
randomblock,staged,2,1500,blimp_fast,53.93
randomblock,staged,2,1500,entity_tracking_fast,14.74
randomblock,staged,2,1500,ewok_fast,50.55
randomblock,staged,2,1500,supplement_fast,51.2
randomblock,staged,2,1750,blimp_fast,56.04
randomblock,staged,2,1750,entity_tracking_fast,16.51
randomblock,staged,2,1750,ewok_fast,50.09
randomblock,staged,2,1750,supplement_fast,40.8
randomblock,staged,2,2000,blimp_fast,54.57
randomblock,staged,2,2000,entity_tracking_fast,20.24
randomblock,staged,2,2000,ewok_fast,50.0
randomblock,staged,2,2000,supplement_fast,45.2
randomblock,staged,2,2250,blimp_fast,55.75
randomblock,staged,2,2250,entity_tracking_fast,14.08
randomblock,staged,2,2250,ewok_fast,51.55
randomblock,staged,2,2250,supplement_fast,46.8
randomblock,staged,2,2500,blimp_fast,55.22
randomblock,staged,2,2500,entity_tracking_fast,26.11
randomblock,staged,2,2500,ewok_fast,51.82
randomblock,staged,2,2500,supplement_fast,48.4
randomblock,staged,2,2750,blimp_fast,55.45
randomblock,staged,2,2750,entity_tracking_fast,20.47
randomblock,staged,2,2750,ewok_fast,49.27
randomblock,staged,2,2750,supplement_fast,50.0
randomblock,staged,2,3000,blimp_fast,55.09
randomblock,staged,2,3000,entity_tracking_fast,37.57
randomblock,staged,2,3000,ewok_fast,49.55
randomblock,staged,2,3000,supplement_fast,47.6
randomblock,staged,2,3250,blimp_fast,55.35
randomblock,staged,2,3250,entity_tracking_fast,40.34
randomblock,staged,2,3250,ewok_fast,50.09
randomblock,staged,2,3250,supplement_fast,53.2
randomblock,staged,2,3500,blimp_fast,53.29
randomblock,staged,2,3500,entity_tracking_fast,41.53
randomblock,staged,2,3500,ewok_fast,50.64
randomblock,staged,2,3500,supplement_fast,45.2
randomblock,staged,2,3750,blimp_fast,52.07
randomblock,staged,2,3750,entity_tracking_fast,39.75
randomblock,staged,2,3750,ewok_fast,47.91
randomblock,staged,2,3750,supplement_fast,49.6
randomblock,staged,2,4000,blimp_fast,53.06
randomblock,staged,2,4000,entity_tracking_fast,34.71
randomblock,staged,2,4000,ewok_fast,49.36
randomblock,staged,2,4000,supplement_fast,46.4
randomblock,staged,2,4250,blimp_fast,54.57
randomblock,staged,2,4250,entity_tracking_fast,40.64
randomblock,staged,2,4250,ewok_fast,50.09
randomblock,staged,2,4250,supplement_fast,49.2
randomblock,staged,2,4500,blimp_fast,54.51
randomblock,staged,2,4500,entity_tracking_fast,40.1
randomblock,staged,2,4500,ewok_fast,50.82
randomblock,staged,2,4500,supplement_fast,53.2
randomblock,staged,2,4750,blimp_fast,55.01
randomblock,staged,2,4750,entity_tracking_fast,33.29
randomblock,staged,2,4750,ewok_fast,52.27
randomblock,staged,2,4750,supplement_fast,47.6
randomblock,staged,2,5000,blimp_fast,55.16
randomblock,staged,2,5000,entity_tracking_fast,30.62
randomblock,staged,2,5000,ewok_fast,49.18
randomblock,staged,2,5000,supplement_fast,48.4
randomblock,staged,2,5250,blimp_fast,54.44
randomblock,staged,2,5250,entity_tracking_fast,40.22
randomblock,staged,2,5250,ewok_fast,49.82
randomblock,staged,2,5250,supplement_fast,45.6
readability,competence,0,0,blimp_fast,49.9
readability,competence,0,0,entity_tracking_fast,42.57
readability,competence,0,0,ewok_fast,49.36
readability,competence,0,0,supplement_fast,49.2
readability,competence,0,250,blimp_fast,52.9
readability,competence,0,250,entity_tracking_fast,42.0
readability,competence,0,250,ewok_fast,51.36
readability,competence,0,250,supplement_fast,44.4
readability,competence,0,500,blimp_fast,53.97
readability,competence,0,500,entity_tracking_fast,43.12
readability,competence,0,500,ewok_fast,50.0
readability,competence,0,500,supplement_fast,50.0
readability,competence,0,750,blimp_fast,55.07
readability,competence,0,750,entity_tracking_fast,42.82
readability,competence,0,750,ewok_fast,49.82
readability,competence,0,750,supplement_fast,45.6
readability,competence,0,1000,blimp_fast,55.1
readability,competence,0,1000,entity_tracking_fast,30.56
readability,competence,0,1000,ewok_fast,52.73
readability,competence,0,1000,supplement_fast,52.0
readability,competence,0,1250,blimp_fast,53.18
readability,competence,0,1250,entity_tracking_fast,35.18
readability,competence,0,1250,ewok_fast,50.09
readability,competence,0,1250,supplement_fast,48.4
readability,competence,0,1500,blimp_fast,51.5
readability,competence,0,1500,entity_tracking_fast,31.16
readability,competence,0,1500,ewok_fast,52.09
readability,competence,0,1500,supplement_fast,46.4
readability,competence,0,1750,blimp_fast,52.14
readability,competence,0,1750,entity_tracking_fast,19.28
readability,competence,0,1750,ewok_fast,49.18
readability,competence,0,1750,supplement_fast,46.4
readability,competence,0,2000,blimp_fast,52.72
readability,competence,0,2000,entity_tracking_fast,41.84
readability,competence,0,2000,ewok_fast,50.73
readability,competence,0,2000,supplement_fast,48.0
readability,competence,0,2250,blimp_fast,53.27
readability,competence,0,2250,entity_tracking_fast,40.95
readability,competence,0,2250,ewok_fast,50.18
readability,competence,0,2250,supplement_fast,50.8
readability,competence,0,2500,blimp_fast,52.86
readability,competence,0,2500,entity_tracking_fast,40.24
readability,competence,0,2500,ewok_fast,51.55
readability,competence,0,2500,supplement_fast,46.0
readability,competence,0,2750,blimp_fast,51.26
readability,competence,0,2750,entity_tracking_fast,37.71
readability,competence,0,2750,ewok_fast,50.91
readability,competence,0,2750,supplement_fast,43.2
readability,competence,0,3000,blimp_fast,51.74
readability,competence,0,3000,entity_tracking_fast,41.89
readability,competence,0,3000,ewok_fast,51.45
readability,competence,0,3000,supplement_fast,45.6
readability,competence,0,3250,blimp_fast,52.39
readability,competence,0,3250,entity_tracking_fast,41.19
readability,competence,0,3250,ewok_fast,51.36
readability,competence,0,3250,supplement_fast,43.6
readability,competence,0,3500,blimp_fast,51.26
readability,competence,0,3500,entity_tracking_fast,38.07
readability,competence,0,3500,ewok_fast,49.18
readability,competence,0,3500,supplement_fast,44.8
readability,competence,0,3750,blimp_fast,51.43
readability,competence,0,3750,entity_tracking_fast,38.85
readability,competence,0,3750,ewok_fast,49.55
readability,competence,0,3750,supplement_fast,45.2
readability,competence,0,4000,blimp_fast,51.57
readability,competence,0,4000,entity_tracking_fast,40.2
readability,competence,0,4000,ewok_fast,49.45
readability,competence,0,4000,supplement_fast,46.0
readability,competence,0,4250,blimp_fast,51.72
readability,competence,0,4250,entity_tracking_fast,39.14
readability,competence,0,4250,ewok_fast,49.73
readability,competence,0,4250,supplement_fast,46.4
readability,competence,0,4500,blimp_fast,51.57
readability,competence,0,4500,entity_tracking_fast,39.07
readability,competence,0,4500,ewok_fast,49.64
readability,competence,0,4500,supplement_fast,47.2
readability,competence,1,0,blimp_fast,50.01
readability,competence,1,0,entity_tracking_fast,42.76
readability,competence,1,0,ewok_fast,50.82
readability,competence,1,0,supplement_fast,47.2
readability,competence,1,250,blimp_fast,51.96
readability,competence,1,250,entity_tracking_fast,42.43
readability,competence,1,250,ewok_fast,49.82
readability,competence,1,250,supplement_fast,53.2
readability,competence,1,500,blimp_fast,53.04
readability,competence,1,500,entity_tracking_fast,41.71
readability,competence,1,500,ewok_fast,48.73
readability,competence,1,500,supplement_fast,47.6
readability,competence,1,750,blimp_fast,53.21
readability,competence,1,750,entity_tracking_fast,43.44
readability,competence,1,750,ewok_fast,49.64
readability,competence,1,750,supplement_fast,50.8
readability,competence,1,1000,blimp_fast,53.8
readability,competence,1,1000,entity_tracking_fast,41.94
readability,competence,1,1000,ewok_fast,48.64
readability,competence,1,1000,supplement_fast,48.8
readability,competence,1,1250,blimp_fast,53.4
readability,competence,1,1250,entity_tracking_fast,42.55
readability,competence,1,1250,ewok_fast,49.27
readability,competence,1,1250,supplement_fast,47.6
readability,competence,1,1500,blimp_fast,51.97
readability,competence,1,1500,entity_tracking_fast,42.08
readability,competence,1,1500,ewok_fast,49.55
readability,competence,1,1500,supplement_fast,45.6
readability,competence,1,1750,blimp_fast,52.8
readability,competence,1,1750,entity_tracking_fast,39.11
readability,competence,1,1750,ewok_fast,50.36
readability,competence,1,1750,supplement_fast,45.2
readability,competence,1,2000,blimp_fast,52.24
readability,competence,1,2000,entity_tracking_fast,25.27
readability,competence,1,2000,ewok_fast,51.91
readability,competence,1,2000,supplement_fast,44.4
readability,competence,1,2250,blimp_fast,53.33
readability,competence,1,2250,entity_tracking_fast,23.42
readability,competence,1,2250,ewok_fast,51.45
readability,competence,1,2250,supplement_fast,50.8
readability,competence,1,2500,blimp_fast,54.36
readability,competence,1,2500,entity_tracking_fast,40.77
readability,competence,1,2500,ewok_fast,51.73
readability,competence,1,2500,supplement_fast,46.4
readability,competence,1,2750,blimp_fast,52.64
readability,competence,1,2750,entity_tracking_fast,34.4
readability,competence,1,2750,ewok_fast,49.36
readability,competence,1,2750,supplement_fast,47.6
readability,competence,1,3000,blimp_fast,53.19
readability,competence,1,3000,entity_tracking_fast,42.91
readability,competence,1,3000,ewok_fast,49.91
readability,competence,1,3000,supplement_fast,47.2
readability,competence,1,3250,blimp_fast,53.1
readability,competence,1,3250,entity_tracking_fast,37.86
readability,competence,1,3250,ewok_fast,50.0
readability,competence,1,3250,supplement_fast,43.2
readability,competence,1,3500,blimp_fast,53.91
readability,competence,1,3500,entity_tracking_fast,29.13
readability,competence,1,3500,ewok_fast,50.18
readability,competence,1,3500,supplement_fast,50.0
readability,competence,1,3750,blimp_fast,53.74
readability,competence,1,3750,entity_tracking_fast,27.59
readability,competence,1,3750,ewok_fast,50.82
readability,competence,1,3750,supplement_fast,47.6
readability,competence,1,4000,blimp_fast,52.33
readability,competence,1,4000,entity_tracking_fast,36.95
readability,competence,1,4000,ewok_fast,51.82
readability,competence,1,4000,supplement_fast,46.0
readability,competence,1,4250,blimp_fast,52.54
readability,competence,1,4250,entity_tracking_fast,34.22
readability,competence,1,4250,ewok_fast,52.09
readability,competence,1,4250,supplement_fast,47.2
readability,competence,1,4500,blimp_fast,52.19
readability,competence,1,4500,entity_tracking_fast,32.07
readability,competence,1,4500,ewok_fast,52.09
readability,competence,1,4500,supplement_fast,46.8
readability,competence,2,0,blimp_fast,50.72
readability,competence,2,0,entity_tracking_fast,42.09
readability,competence,2,0,ewok_fast,51.55
readability,competence,2,0,supplement_fast,49.2
readability,competence,2,250,blimp_fast,52.86
readability,competence,2,250,entity_tracking_fast,41.95
readability,competence,2,250,ewok_fast,50.27
readability,competence,2,250,supplement_fast,51.2
readability,competence,2,500,blimp_fast,55.43
readability,competence,2,500,entity_tracking_fast,42.94
readability,competence,2,500,ewok_fast,51.55
readability,competence,2,500,supplement_fast,47.2
readability,competence,2,750,blimp_fast,54.34
readability,competence,2,750,entity_tracking_fast,39.77
readability,competence,2,750,ewok_fast,48.09
readability,competence,2,750,supplement_fast,44.8
readability,competence,2,1000,blimp_fast,54.43
readability,competence,2,1000,entity_tracking_fast,41.61
readability,competence,2,1000,ewok_fast,46.91
readability,competence,2,1000,supplement_fast,47.6
readability,competence,2,1250,blimp_fast,53.94
readability,competence,2,1250,entity_tracking_fast,38.63
readability,competence,2,1250,ewok_fast,50.82
readability,competence,2,1250,supplement_fast,47.6
readability,competence,2,1500,blimp_fast,53.01
readability,competence,2,1500,entity_tracking_fast,32.52
readability,competence,2,1500,ewok_fast,53.27
readability,competence,2,1500,supplement_fast,51.2
readability,competence,2,1750,blimp_fast,53.23
readability,competence,2,1750,entity_tracking_fast,40.98
readability,competence,2,1750,ewok_fast,49.18
readability,competence,2,1750,supplement_fast,47.6
readability,competence,2,2000,blimp_fast,52.41
readability,competence,2,2000,entity_tracking_fast,40.22
readability,competence,2,2000,ewok_fast,47.55
readability,competence,2,2000,supplement_fast,43.6
readability,competence,2,2250,blimp_fast,53.25
readability,competence,2,2250,entity_tracking_fast,30.02
readability,competence,2,2250,ewok_fast,47.82
readability,competence,2,2250,supplement_fast,50.0
readability,competence,2,2500,blimp_fast,52.6
readability,competence,2,2500,entity_tracking_fast,37.29
readability,competence,2,2500,ewok_fast,48.91
readability,competence,2,2500,supplement_fast,47.6
readability,competence,2,2750,blimp_fast,52.76
readability,competence,2,2750,entity_tracking_fast,40.08
readability,competence,2,2750,ewok_fast,48.73
readability,competence,2,2750,supplement_fast,48.0
readability,competence,2,3000,blimp_fast,52.84
readability,competence,2,3000,entity_tracking_fast,39.59
readability,competence,2,3000,ewok_fast,46.64
readability,competence,2,3000,supplement_fast,46.8
readability,competence,2,3250,blimp_fast,52.42
readability,competence,2,3250,entity_tracking_fast,38.56
readability,competence,2,3250,ewok_fast,48.55
readability,competence,2,3250,supplement_fast,50.0
readability,competence,2,3500,blimp_fast,52.45
readability,competence,2,3500,entity_tracking_fast,40.57
readability,competence,2,3500,ewok_fast,47.0
readability,competence,2,3500,supplement_fast,48.8
readability,competence,2,3750,blimp_fast,52.23
readability,competence,2,3750,entity_tracking_fast,33.15
readability,competence,2,3750,ewok_fast,48.27
readability,competence,2,3750,supplement_fast,52.4
readability,competence,2,4000,blimp_fast,52.94
readability,competence,2,4000,entity_tracking_fast,36.38
readability,competence,2,4000,ewok_fast,49.36
readability,competence,2,4000,supplement_fast,48.0
readability,competence,2,4250,blimp_fast,53.04
readability,competence,2,4250,entity_tracking_fast,37.66
readability,competence,2,4250,ewok_fast,51.09
readability,competence,2,4250,supplement_fast,50.8
readability,competence,2,4500,blimp_fast,53.22
readability,competence,2,4500,entity_tracking_fast,35.27
readability,competence,2,4500,ewok_fast,50.45
readability,competence,2,4500,supplement_fast,48.8
readability,staged,0,0,blimp_fast,49.91
readability,staged,0,0,entity_tracking_fast,42.54
readability,staged,0,0,ewok_fast,49.36
readability,staged,0,0,supplement_fast,49.2
readability,staged,0,250,blimp_fast,53.61
readability,staged,0,250,entity_tracking_fast,43.04
readability,staged,0,250,ewok_fast,49.91
readability,staged,0,250,supplement_fast,50.8
readability,staged,0,500,blimp_fast,54.85
readability,staged,0,500,entity_tracking_fast,42.1
readability,staged,0,500,ewok_fast,52.18
readability,staged,0,500,supplement_fast,48.4
readability,staged,0,750,blimp_fast,53.67
readability,staged,0,750,entity_tracking_fast,43.23
readability,staged,0,750,ewok_fast,50.09
readability,staged,0,750,supplement_fast,47.6
readability,staged,0,1000,blimp_fast,57.11
readability,staged,0,1000,entity_tracking_fast,41.26
readability,staged,0,1000,ewok_fast,48.82
readability,staged,0,1000,supplement_fast,48.8
readability,staged,0,1250,blimp_fast,55.2
readability,staged,0,1250,entity_tracking_fast,16.59
readability,staged,0,1250,ewok_fast,50.45
readability,staged,0,1250,supplement_fast,48.0
readability,staged,0,1500,blimp_fast,55.37
readability,staged,0,1500,entity_tracking_fast,34.68
readability,staged,0,1500,ewok_fast,50.09
readability,staged,0,1500,supplement_fast,45.6
readability,staged,0,1750,blimp_fast,53.92
readability,staged,0,1750,entity_tracking_fast,15.93
readability,staged,0,1750,ewok_fast,52.36
readability,staged,0,1750,supplement_fast,50.4
readability,staged,0,2000,blimp_fast,53.83
readability,staged,0,2000,entity_tracking_fast,15.86
readability,staged,0,2000,ewok_fast,49.55
readability,staged,0,2000,supplement_fast,45.6
readability,staged,0,2250,blimp_fast,54.33
readability,staged,0,2250,entity_tracking_fast,40.97
readability,staged,0,2250,ewok_fast,51.45
readability,staged,0,2250,supplement_fast,46.8
readability,staged,0,2500,blimp_fast,55.1
readability,staged,0,2500,entity_tracking_fast,20.53
readability,staged,0,2500,ewok_fast,52.0
readability,staged,0,2500,supplement_fast,46.0
readability,staged,0,2750,blimp_fast,50.72
readability,staged,0,2750,entity_tracking_fast,21.79
readability,staged,0,2750,ewok_fast,51.73
readability,staged,0,2750,supplement_fast,42.8
readability,staged,0,3000,blimp_fast,54.02
readability,staged,0,3000,entity_tracking_fast,40.34
readability,staged,0,3000,ewok_fast,51.18
readability,staged,0,3000,supplement_fast,44.8
readability,staged,0,3250,blimp_fast,54.0
readability,staged,0,3250,entity_tracking_fast,39.89
readability,staged,0,3250,ewok_fast,51.0
readability,staged,0,3250,supplement_fast,48.0
readability,staged,0,3500,blimp_fast,54.36
readability,staged,0,3500,entity_tracking_fast,29.1
readability,staged,0,3500,ewok_fast,50.36
readability,staged,0,3500,supplement_fast,39.6
readability,staged,0,3750,blimp_fast,53.87
readability,staged,0,3750,entity_tracking_fast,36.0
readability,staged,0,3750,ewok_fast,50.45
readability,staged,0,3750,supplement_fast,44.8
readability,staged,0,4000,blimp_fast,51.87
readability,staged,0,4000,entity_tracking_fast,36.1
readability,staged,0,4000,ewok_fast,51.18
readability,staged,0,4000,supplement_fast,44.0
readability,staged,0,4250,blimp_fast,51.66
readability,staged,0,4250,entity_tracking_fast,27.76
readability,staged,0,4250,ewok_fast,48.91
readability,staged,0,4250,supplement_fast,46.8
readability,staged,0,4500,blimp_fast,51.93
readability,staged,0,4500,entity_tracking_fast,32.03
readability,staged,0,4500,ewok_fast,50.36
readability,staged,0,4500,supplement_fast,45.2
readability,staged,0,4750,blimp_fast,51.45
readability,staged,0,4750,entity_tracking_fast,27.81
readability,staged,0,4750,ewok_fast,48.45
readability,staged,0,4750,supplement_fast,44.4
readability,staged,0,5000,blimp_fast,52.07
readability,staged,0,5000,entity_tracking_fast,36.8
readability,staged,0,5000,ewok_fast,50.55
readability,staged,0,5000,supplement_fast,42.4
readability,staged,0,5250,blimp_fast,50.9
readability,staged,0,5250,entity_tracking_fast,32.83
readability,staged,0,5250,ewok_fast,51.27
readability,staged,0,5250,supplement_fast,45.2
readability,staged,1,0,blimp_fast,50.03
readability,staged,1,0,entity_tracking_fast,42.76
readability,staged,1,0,ewok_fast,50.91
readability,staged,1,0,supplement_fast,47.2
readability,staged,1,250,blimp_fast,52.46
readability,staged,1,250,entity_tracking_fast,42.56
readability,staged,1,250,ewok_fast,51.36
readability,staged,1,250,supplement_fast,46.0
readability,staged,1,500,blimp_fast,53.01
readability,staged,1,500,entity_tracking_fast,30.32
readability,staged,1,500,ewok_fast,49.45
readability,staged,1,500,supplement_fast,50.4
readability,staged,1,750,blimp_fast,54.19
readability,staged,1,750,entity_tracking_fast,40.86
readability,staged,1,750,ewok_fast,50.91
readability,staged,1,750,supplement_fast,41.6
readability,staged,1,1000,blimp_fast,52.35
readability,staged,1,1000,entity_tracking_fast,42.6
readability,staged,1,1000,ewok_fast,51.45
readability,staged,1,1000,supplement_fast,44.0
readability,staged,1,1250,blimp_fast,55.36
readability,staged,1,1250,entity_tracking_fast,29.18
readability,staged,1,1250,ewok_fast,50.73
readability,staged,1,1250,supplement_fast,44.0
readability,staged,1,1500,blimp_fast,55.04
readability,staged,1,1500,entity_tracking_fast,13.51
readability,staged,1,1500,ewok_fast,51.36
readability,staged,1,1500,supplement_fast,46.0
readability,staged,1,1750,blimp_fast,54.84
readability,staged,1,1750,entity_tracking_fast,13.99
readability,staged,1,1750,ewok_fast,52.36
readability,staged,1,1750,supplement_fast,48.4
readability,staged,1,2000,blimp_fast,53.84
readability,staged,1,2000,entity_tracking_fast,25.08
readability,staged,1,2000,ewok_fast,50.27
readability,staged,1,2000,supplement_fast,51.6
readability,staged,1,2250,blimp_fast,54.26
readability,staged,1,2250,entity_tracking_fast,13.85
readability,staged,1,2250,ewok_fast,51.36
readability,staged,1,2250,supplement_fast,38.0
readability,staged,1,2500,blimp_fast,53.94
readability,staged,1,2500,entity_tracking_fast,13.36
readability,staged,1,2500,ewok_fast,50.64
readability,staged,1,2500,supplement_fast,46.0
readability,staged,1,2750,blimp_fast,55.29
readability,staged,1,2750,entity_tracking_fast,14.5
readability,staged,1,2750,ewok_fast,51.45
readability,staged,1,2750,supplement_fast,41.2
readability,staged,1,3000,blimp_fast,55.16
readability,staged,1,3000,entity_tracking_fast,25.96
readability,staged,1,3000,ewok_fast,52.09
readability,staged,1,3000,supplement_fast,46.4
readability,staged,1,3250,blimp_fast,56.02
readability,staged,1,3250,entity_tracking_fast,15.47
readability,staged,1,3250,ewok_fast,48.82
readability,staged,1,3250,supplement_fast,48.0
readability,staged,1,3500,blimp_fast,51.53
readability,staged,1,3500,entity_tracking_fast,41.58
readability,staged,1,3500,ewok_fast,49.0
readability,staged,1,3500,supplement_fast,46.8
readability,staged,1,3750,blimp_fast,53.76
readability,staged,1,3750,entity_tracking_fast,12.82
readability,staged,1,3750,ewok_fast,52.27
readability,staged,1,3750,supplement_fast,47.6
readability,staged,1,4000,blimp_fast,54.46
readability,staged,1,4000,entity_tracking_fast,12.36
readability,staged,1,4000,ewok_fast,49.55
readability,staged,1,4000,supplement_fast,48.4
readability,staged,1,4250,blimp_fast,55.71
readability,staged,1,4250,entity_tracking_fast,12.42
readability,staged,1,4250,ewok_fast,50.0
readability,staged,1,4250,supplement_fast,46.8
readability,staged,1,4500,blimp_fast,55.42
readability,staged,1,4500,entity_tracking_fast,12.8
readability,staged,1,4500,ewok_fast,51.09
readability,staged,1,4500,supplement_fast,48.8
readability,staged,1,4750,blimp_fast,54.46
readability,staged,1,4750,entity_tracking_fast,13.75
readability,staged,1,4750,ewok_fast,50.36
readability,staged,1,4750,supplement_fast,46.4
readability,staged,1,5000,blimp_fast,54.89
readability,staged,1,5000,entity_tracking_fast,12.89
readability,staged,1,5000,ewok_fast,52.27
readability,staged,1,5000,supplement_fast,47.6
readability,staged,1,5250,blimp_fast,54.35
readability,staged,1,5250,entity_tracking_fast,16.49
readability,staged,1,5250,ewok_fast,50.18
readability,staged,1,5250,supplement_fast,48.0
readability,staged,2,0,blimp_fast,50.72
readability,staged,2,0,entity_tracking_fast,42.09
readability,staged,2,0,ewok_fast,51.55
readability,staged,2,0,supplement_fast,49.2
readability,staged,2,250,blimp_fast,55.66
readability,staged,2,250,entity_tracking_fast,42.36
readability,staged,2,250,ewok_fast,50.0
readability,staged,2,250,supplement_fast,47.6
readability,staged,2,500,blimp_fast,54.19
readability,staged,2,500,entity_tracking_fast,38.37
readability,staged,2,500,ewok_fast,51.45
readability,staged,2,500,supplement_fast,51.6
readability,staged,2,750,blimp_fast,53.57
readability,staged,2,750,entity_tracking_fast,42.74
readability,staged,2,750,ewok_fast,48.27
readability,staged,2,750,supplement_fast,48.8
readability,staged,2,1000,blimp_fast,51.3
readability,staged,2,1000,entity_tracking_fast,15.05
readability,staged,2,1000,ewok_fast,51.0
readability,staged,2,1000,supplement_fast,44.8
readability,staged,2,1250,blimp_fast,52.1
readability,staged,2,1250,entity_tracking_fast,21.9
readability,staged,2,1250,ewok_fast,50.0
readability,staged,2,1250,supplement_fast,49.6
readability,staged,2,1500,blimp_fast,53.76
readability,staged,2,1500,entity_tracking_fast,17.96
readability,staged,2,1500,ewok_fast,50.45
readability,staged,2,1500,supplement_fast,52.0
readability,staged,2,1750,blimp_fast,56.22
readability,staged,2,1750,entity_tracking_fast,15.74
readability,staged,2,1750,ewok_fast,52.09
readability,staged,2,1750,supplement_fast,47.2
readability,staged,2,2000,blimp_fast,53.47
readability,staged,2,2000,entity_tracking_fast,38.28
readability,staged,2,2000,ewok_fast,50.82
readability,staged,2,2000,supplement_fast,47.2
readability,staged,2,2250,blimp_fast,53.71
readability,staged,2,2250,entity_tracking_fast,28.24
readability,staged,2,2250,ewok_fast,49.45
readability,staged,2,2250,supplement_fast,48.4
readability,staged,2,2500,blimp_fast,53.84
readability,staged,2,2500,entity_tracking_fast,14.67
readability,staged,2,2500,ewok_fast,50.18
readability,staged,2,2500,supplement_fast,47.2
readability,staged,2,2750,blimp_fast,52.03
readability,staged,2,2750,entity_tracking_fast,16.0
readability,staged,2,2750,ewok_fast,51.0
readability,staged,2,2750,supplement_fast,49.2
readability,staged,2,3000,blimp_fast,52.51
readability,staged,2,3000,entity_tracking_fast,42.31
readability,staged,2,3000,ewok_fast,51.64
readability,staged,2,3000,supplement_fast,44.4
readability,staged,2,3250,blimp_fast,50.78
readability,staged,2,3250,entity_tracking_fast,43.45
readability,staged,2,3250,ewok_fast,49.27
readability,staged,2,3250,supplement_fast,49.2
readability,staged,2,3500,blimp_fast,50.25
readability,staged,2,3500,entity_tracking_fast,20.47
readability,staged,2,3500,ewok_fast,48.27
readability,staged,2,3500,supplement_fast,51.2
readability,staged,2,3750,blimp_fast,52.16
readability,staged,2,3750,entity_tracking_fast,27.47
readability,staged,2,3750,ewok_fast,48.45
readability,staged,2,3750,supplement_fast,45.6
readability,staged,2,4000,blimp_fast,53.34
readability,staged,2,4000,entity_tracking_fast,32.28
readability,staged,2,4000,ewok_fast,49.18
readability,staged,2,4000,supplement_fast,48.0
readability,staged,2,4250,blimp_fast,53.68
readability,staged,2,4250,entity_tracking_fast,29.59
readability,staged,2,4250,ewok_fast,49.27
readability,staged,2,4250,supplement_fast,49.6
readability,staged,2,4500,blimp_fast,53.81
readability,staged,2,4500,entity_tracking_fast,22.46
readability,staged,2,4500,ewok_fast,49.09
readability,staged,2,4500,supplement_fast,47.2
readability,staged,2,4750,blimp_fast,53.31
readability,staged,2,4750,entity_tracking_fast,25.0
readability,staged,2,4750,ewok_fast,48.55
readability,staged,2,4750,supplement_fast,48.4
readability,staged,2,5000,blimp_fast,52.78
readability,staged,2,5000,entity_tracking_fast,26.35
readability,staged,2,5000,ewok_fast,49.36
readability,staged,2,5000,supplement_fast,48.4
readability,staged,2,5250,blimp_fast,53.16
readability,staged,2,5250,entity_tracking_fast,29.46
readability,staged,2,5250,ewok_fast,49.82
readability,staged,2,5250,supplement_fast,45.2
